,수주량,평균온도,일강수량,상대습도,최심적설,기준금리,착공지수,출하량,예상중량,AE,ARE-580FX,CSA4000,CSA5000,PEMA-500FR,PEMA-580FX,PEMA-CR1000,PEMA-CSA5000,PEMA-HR1000,PEMA-HR1000S,PEMA-HR1500,PEMA-PCM2000,PEMA-PCM2000B,PEMA-PCR3000E,PEMA-PCR3000N,PEMA-PR1000,PEMA-PR2000,PEMA-SN400,PEMA-SP1000,PEMA-SPR,PEMA-SR2000,PEMA-SR2000A,PEMA-SR3000F,PEMA-SR5000F,PR1000,SRE-110,SRE-200
2022-01-11,261667.7504272461,-5.902689900130804,0.0,63.4411002561862,0.3604381577842601,1.0,0.0,399.631751856757,147591.40567105782,0,0,0,0,0,0,0,0,1,0,0,0,0,0,0,0,0,0,0,0,0,0,0,0,0,0,0
2022-01-11,98651.45724487305,-5.902689900130804,0.0,63.4411002561862,0.3604381577842601,1.0,0.0,399.631751856757,98599.56133560905,0,0,0,0,0,0,0,0,0,0,0,0,0,0,0,1,0,0,0,0,0,0,0,0,0,0,0
2022-01-11,32454.40203857422,-5.902689900130804,0.0,63.4411002561862,0.3604381577842601,1.0,0.0,399.631751856757,18170.07398170942,0,0,0,0,0,0,0,0,0,0,0,0,0,0,0,0,0,0,0,0,1,0,0,0,0,0,0
2022-01-11,15250.852630615234,-5.902689900130804,0.0,63.4411002561862,0.3604381577842601,1.0,0.0,399.631751856757,6828.779910374704,0,0,0,0,0,0,0,0,0,0,0,0,0,0,0,0,0,0,0,0,0,0,1,0,0,0,0
2022-01-11,4240.029541015625,-5.902689900130804,0.0,63.4411002561862,0.3604381577842601,1.0,0.0,399.631751856757,7014.141212954571,0,0,1,0,0,0,0,0,0,0,0,0,0,0,0,0,0,0,0,0,0,0,0,0,0,0,0
2022-01-11,84973.21444702148,-5.902689900130804,0.0,63.4411002561862,0.3604381577842601,1.0,0.0,399.631751856757,26581.05017906041,0,0,0,1,0,0,0,0,0,0,0,0,0,0,0,0,0,0,0,0,0,0,0,0,0,0,0
2022-01-11,6362.626556396484,-5.902689900130804,0.0,63.4411002561862,0.3604381577842601,1.0,0.0,399.631751856757,0.0,0,0,0,0,1,0,0,0,0,0,0,0,0,0,0,0,0,0,0,0,0,0,0,0,0,0,0
2022-01-11,19230.810119628906,-5.902689900130804,0.0,63.4411002561862,0.3604381577842601,1.0,0.0,399.631751856757,0.0,0,0,0,0,0,1,0,0,0,0,0,0,0,0,0,0,0,0,0,0,0,0,0,0,0,0,0
2022-01-11,1062.9491271972656,-5.902689900130804,0.0,63.4411002561862,0.3604381577842601,1.0,0.0,399.631751856757,6869.960407388424,0,0,0,0,0,0,1,0,0,0,0,0,0,0,0,0,0,0,0,0,0,0,0,0,0,0,0
2022-01-11,0.0,-5.902689900130804,0.0,63.4411002561862,0.3604381577842601,1.0,0.0,399.631751856757,1768.007254162193,0,0,0,0,0,0,0,1,0,0,0,0,0,0,0,0,0,0,0,0,0,0,0,0,0,0,0
2022-01-11,74725.2631225586,-5.902689900130804,0.0,63.4411002561862,0.3604381577842601,1.0,0.0,399.631751856757,22566.18236164337,0,0,0,0,0,0,0,0,0,0,1,0,0,0,0,0,0,0,0,0,0,0,0,0,0,0,0
2022-01-11,6299.661376953125,-5.902689900130804,0.0,63.4411002561862,0.3604381577842601,1.0,0.0,399.631751856757,4396.069250443947,0,0,0,0,0,0,0,0,0,0,0,0,0,0,0,0,0,1,0,0,0,0,0,0,0,0,0
2022-01-11,531.9788818359375,-5.902689900130804,0.0,63.4411002561862,0.3604381577842601,1.0,0.0,399.631751856757,4491.077865610365,0,0,0,0,0,0,0,0,0,0,0,0,0,0,0,0,0,0,0,0,0,1,0,0,0,0,0
2022-01-11,8595.235809326172,-5.902689900130804,0.0,63.4411002561862,0.3604381577842601,1.0,0.0,399.631751856757,14488.489959554332,1,0,0,0,0,0,0,0,0,0,0,0,0,0,0,0,0,0,0,0,0,0,0,0,0,0,0
2022-01-11,6873.038787841797,-5.902689900130804,0.0,63.4411002561862,0.3604381577842601,1.0,0.0,399.631751856757,11244.869429500348,0,0,0,0,0,0,0,0,0,0,0,1,0,0,0,0,0,0,0,0,0,0,0,0,0,0,0
2022-01-11,9326.692779541016,-5.902689900130804,0.0,63.4411002561862,0.3604381577842601,1.0,0.0,399.631751856757,6879.134361970869,0,0,0,0,0,0,0,0,0,0,0,0,0,0,0,0,1,0,0,0,0,0,0,0,0,0,0
2022-01-11,0.0,-5.902689900130804,0.0,63.4411002561862,0.3604381577842601,1.0,0.0,399.631751856757,0.0,0,0,0,0,0,0,0,0,0,0,0,0,0,0,0,0,0,0,0,0,0,0,0,0,0,1,0
2022-01-11,0.0,-5.902689900130804,0.0,63.4411002561862,0.3604381577842601,1.0,0.0,399.631751856757,1608.0776888116998,0,0,0,0,0,0,0,0,0,0,0,0,1,0,0,0,0,0,0,0,0,0,0,0,0,0,0
2022-01-11,3457.93603515625,-5.902689900130804,0.0,63.4411002561862,0.3604381577842601,1.0,0.0,399.631751856757,11318.62685302715,0,0,0,0,0,0,0,0,0,0,0,0,0,0,0,0,0,0,0,0,0,0,0,0,1,0,0
2022-01-11,0.0,-5.902689900130804,0.0,63.4411002561862,0.3604381577842601,1.0,0.0,399.631751856757,149.1838942145792,0,0,0,0,0,0,0,0,0,0,0,0,0,1,0,0,0,0,0,0,0,0,0,0,0,0,0
2022-01-11,0.0,-5.902689900130804,0.0,63.4411002561862,0.3604381577842601,1.0,0.0,399.631751856757,0.0,0,0,0,0,0,0,0,0,0,0,0,0,0,0,0,0,0,0,0,0,0,0,0,1,0,0,0
2022-01-11,0.0,-5.902689900130804,0.0,63.4411002561862,0.3604381577842601,1.0,0.0,399.631751856757,0.0,0,0,0,0,0,0,0,0,0,0,0,0,0,0,1,0,0,0,0,0,0,0,0,0,0,0,0
2022-01-11,0.0,-5.902689900130804,0.0,63.4411002561862,0.3604381577842601,1.0,0.0,399.631751856757,0.0,0,0,0,0,0,0,0,0,0,0,0,0,0,0,0,0,0,0,1,0,0,0,0,0,0,0,0
2022-01-11,0.0,-5.902689900130804,0.0,63.4411002561862,0.3604381577842601,1.0,0.0,399.631751856757,165.99152602970622,0,0,0,0,0,0,0,0,0,0,0,0,0,0,0,0,0,0,0,0,0,0,0,0,0,0,1
2022-01-11,0.0,-5.902689900130804,0.0,63.4411002561862,0.3604381577842601,1.0,0.0,399.631751856757,0.0,0,0,0,0,0,0,0,0,0,0,0,0,0,0,0,0,0,0,0,1,0,0,0,0,0,0,0
2022-01-11,0.0,-5.902689900130804,0.0,63.4411002561862,0.3604381577842601,1.0,0.0,399.631751856757,1020.7371719308688,0,1,0,0,0,0,0,0,0,0,0,0,0,0,0,0,0,0,0,0,0,0,0,0,0,0,0
2022-01-11,0.0,-5.902689900130804,0.0,63.4411002561862,0.3604381577842601,1.0,0.0,399.631751856757,0.0,0,0,0,0,0,0,0,0,0,1,0,0,0,0,0,0,0,0,0,0,0,0,0,0,0,0,0
2022-01-18,411546.62384033203,1.7355055885910016,0.0,59.59513441899594,0.1855593185997632,1.0,0.0,470.3080967468693,356635.86682380224,0,0,0,0,0,0,0,0,1,0,0,0,0,0,0,0,0,0,0,0,0,0,0,0,0,0,0
2022-01-18,88775.56701660156,1.7355055885910016,0.0,59.59513441899594,0.1855593185997632,1.0,0.0,470.3080967468693,80525.81873924805,0,0,0,0,0,0,0,0,0,0,0,0,0,0,0,1,0,0,0,0,0,0,0,0,0,0,0
2022-01-18,32170.67071533203,1.7355055885910016,0.0,59.59513441899594,0.1855593185997632,1.0,0.0,470.3080967468693,13733.194827962769,0,0,0,0,0,0,0,0,0,0,0,0,0,0,0,0,0,0,0,0,1,0,0,0,0,0,0
2022-01-18,33796.2092590332,1.7355055885910016,0.0,59.59513441899594,0.1855593185997632,1.0,0.0,470.3080967468693,29160.60886585541,0,0,0,0,0,0,0,0,0,0,0,0,0,0,0,0,0,0,0,0,0,0,1,0,0,0,0
2022-01-18,6584.4117431640625,1.7355055885910016,0.0,59.59513441899594,0.1855593185997632,1.0,0.0,470.3080967468693,6313.5664410553445,0,0,1,0,0,0,0,0,0,0,0,0,0,0,0,0,0,0,0,0,0,0,0,0,0,0,0
2022-01-18,124186.34066772461,1.7355055885910016,0.0,59.59513441899594,0.1855593185997632,1.0,0.0,470.3080967468693,78295.58168250677,0,0,0,1,0,0,0,0,0,0,0,0,0,0,0,0,0,0,0,0,0,0,0,0,0,0,0
2022-01-18,32448.814208984375,1.7355055885910016,0.0,59.59513441899594,0.1855593185997632,1.0,0.0,470.3080967468693,33052.38559091811,0,0,0,0,1,0,0,0,0,0,0,0,0,0,0,0,0,0,0,0,0,0,0,0,0,0,0
2022-01-18,74679.18753051758,1.7355055885910016,0.0,59.59513441899594,0.1855593185997632,1.0,0.0,470.3080967468693,74795.66538964887,0,0,0,0,0,1,0,0,0,0,0,0,0,0,0,0,0,0,0,0,0,0,0,0,0,0,0
2022-01-18,14261.308959960938,1.7355055885910016,0.0,59.59513441899594,0.1855593185997632,1.0,0.0,470.3080967468693,21600.136158567333,0,0,0,0,0,0,1,0,0,0,0,0,0,0,0,0,0,0,0,0,0,0,0,0,0,0,0
2022-01-18,0.0,1.7355055885910016,0.0,59.59513441899594,0.1855593185997632,1.0,0.0,470.3080967468693,1622.8221154904847,0,0,0,0,0,0,0,1,0,0,0,0,0,0,0,0,0,0,0,0,0,0,0,0,0,0,0
2022-01-18,156034.90521240234,1.7355055885910016,0.0,59.59513441899594,0.1855593185997632,1.0,0.0,470.3080967468693,134127.9750807138,0,0,0,0,0,0,0,0,0,0,1,0,0,0,0,0,0,0,0,0,0,0,0,0,0,0,0
2022-01-18,13232.818756103516,1.7355055885910016,0.0,59.59513441899594,0.1855593185997632,1.0,0.0,470.3080967468693,10219.208378420512,0,0,0,0,0,0,0,0,0,0,0,0,0,0,0,0,0,1,0,0,0,0,0,0,0,0,0
2022-01-18,11248.35726928711,1.7355055885910016,0.0,59.59513441899594,0.1855593185997632,1.0,0.0,470.3080967468693,15692.700505768367,0,0,0,0,0,0,0,0,0,0,0,0,0,0,0,0,0,0,0,0,0,1,0,0,0,0,0
2022-01-18,15595.453857421875,1.7355055885910016,0.0,59.59513441899594,0.1855593185997632,1.0,0.0,470.3080967468693,20406.967127876454,1,0,0,0,0,0,0,0,0,0,0,0,0,0,0,0,0,0,0,0,0,0,0,0,0,0,0
2022-01-18,8856.437133789062,1.7355055885910016,0.0,59.59513441899594,0.1855593185997632,1.0,0.0,470.3080967468693,10031.095496840724,0,0,0,0,0,0,0,0,0,0,0,1,0,0,0,0,0,0,0,0,0,0,0,0,0,0,0
2022-01-18,34373.747497558594,1.7355055885910016,0.0,59.59513441899594,0.1855593185997632,1.0,0.0,470.3080967468693,38454.21814636044,0,0,0,0,0,0,0,0,0,0,0,0,0,0,0,0,1,0,0,0,0,0,0,0,0,0,0
2022-01-18,0.0,1.7355055885910016,0.0,59.59513441899594,0.1855593185997632,1.0,0.0,470.3080967468693,0.0,0,0,0,0,0,0,0,0,0,0,0,0,0,0,0,0,0,0,0,0,0,0,0,0,0,1,0
2022-01-18,7230.143524169922,1.7355055885910016,0.0,59.59513441899594,0.1855593185997632,1.0,0.0,470.3080967468693,11359.883196050056,0,0,0,0,0,0,0,0,0,0,0,0,1,0,0,0,0,0,0,0,0,0,0,0,0,0,0
2022-01-18,0.0,1.7355055885910016,0.0,59.59513441899594,0.1855593185997632,1.0,0.0,470.3080967468693,0.0,0,0,0,0,0,0,0,0,0,0,0,0,0,0,0,0,0,0,0,0,0,0,0,0,1,0,0
2022-01-18,0.0,1.7355055885910016,0.0,59.59513441899594,0.1855593185997632,1.0,0.0,470.3080967468693,77.39465091469961,0,0,0,0,0,0,0,0,0,0,0,0,0,1,0,0,0,0,0,0,0,0,0,0,0,0,0
2022-01-18,0.0,1.7355055885910016,0.0,59.59513441899594,0.1855593185997632,1.0,0.0,470.3080967468693,0.0,0,0,0,0,0,0,0,0,0,0,0,0,0,0,0,0,0,0,0,0,0,0,0,1,0,0,0
2022-01-18,0.0,1.7355055885910016,0.0,59.59513441899594,0.1855593185997632,1.0,0.0,470.3080967468693,292.56507060100705,0,0,0,0,0,0,0,0,0,0,0,0,0,0,1,0,0,0,0,0,0,0,0,0,0,0,0
2022-01-18,0.0,1.7355055885910016,0.0,59.59513441899594,0.1855593185997632,1.0,0.0,470.3080967468693,0.0,0,0,0,0,0,0,0,0,0,0,0,0,0,0,0,0,0,0,1,0,0,0,0,0,0,0,0
2022-01-18,0.0,1.7355055885910016,0.0,59.59513441899594,0.1855593185997632,1.0,0.0,470.3080967468693,9.24770810827377,0,0,0,0,0,0,0,0,0,0,0,0,0,0,0,0,0,0,0,0,0,0,0,0,0,0,1
2022-01-18,0.0,1.7355055885910016,0.0,59.59513441899594,0.1855593185997632,1.0,0.0,470.3080967468693,0.0,0,0,0,0,0,0,0,0,0,0,0,0,0,0,0,0,0,0,0,1,0,0,0,0,0,0,0
2022-01-18,0.0,1.7355055885910016,0.0,59.59513441899594,0.1855593185997632,1.0,0.0,470.3080967468693,441.5123115749785,0,1,0,0,0,0,0,0,0,0,0,0,0,0,0,0,0,0,0,0,0,0,0,0,0,0,0
2022-01-18,0.0,1.7355055885910016,0.0,59.59513441899594,0.1855593185997632,1.0,0.0,470.3080967468693,470.3473531390905,0,0,0,0,0,0,0,0,0,1,0,0,0,0,0,0,0,0,0,0,0,0,0,0,0,0,0
2022-01-25,392236.41079711914,6.572498069794007,1.2442453866011784,78.36594564426201,0.1078795426921845,1.0,0.0,492.97191464902784,331020.9355133362,0,0,0,0,0,0,0,0,1,0,0,0,0,0,0,0,0,0,0,0,0,0,0,0,0,0,0
2022-01-25,110825.76123046875,6.572498069794007,1.2442453866011784,78.36594564426201,0.1078795426921845,1.0,0.0,492.97191464902784,113711.64673024473,0,0,0,0,0,0,0,0,0,0,0,0,0,0,0,1,0,0,0,0,0,0,0,0,0,0,0
2022-01-25,58900.41635131836,6.572498069794007,1.2442453866011784,78.36594564426201,0.1078795426921845,1.0,0.0,492.97191464902784,53571.79043931454,0,0,0,0,0,0,0,0,0,0,0,0,0,0,0,0,0,0,0,0,1,0,0,0,0,0,0
2022-01-25,24314.572814941406,6.572498069794007,1.2442453866011784,78.36594564426201,0.1078795426921845,1.0,0.0,492.97191464902784,17518.64845738085,0,0,0,0,0,0,0,0,0,0,0,0,0,0,0,0,0,0,0,0,0,0,1,0,0,0,0
2022-01-25,9316.03726196289,6.572498069794007,1.2442453866011784,78.36594564426201,0.1078795426921845,1.0,0.0,492.97191464902784,12034.807380059545,0,0,1,0,0,0,0,0,0,0,0,0,0,0,0,0,0,0,0,0,0,0,0,0,0,0,0
2022-01-25,203851.33587646484,6.572498069794007,1.2442453866011784,78.36594564426201,0.1078795426921845,1.0,0.0,492.97191464902784,193390.5172439089,0,0,0,1,0,0,0,0,0,0,0,0,0,0,0,0,0,0,0,0,0,0,0,0,0,0,0
2022-01-25,12222.889556884766,6.572498069794007,1.2442453866011784,78.36594564426201,0.1078795426921845,1.0,0.0,492.97191464902784,6135.616608847189,0,0,0,0,1,0,0,0,0,0,0,0,0,0,0,0,0,0,0,0,0,0,0,0,0,0,0
2022-01-25,37610.47058105469,6.572498069794007,1.2442453866011784,78.36594564426201,0.1078795426921845,1.0,0.0,492.97191464902784,23934.040893458143,0,0,0,0,0,1,0,0,0,0,0,0,0,0,0,0,0,0,0,0,0,0,0,0,0,0,0
2022-01-25,4687.293212890625,6.572498069794007,1.2442453866011784,78.36594564426201,0.1078795426921845,1.0,0.0,492.97191464902784,9826.843069806178,0,0,0,0,0,0,1,0,0,0,0,0,0,0,0,0,0,0,0,0,0,0,0,0,0,0,0
2022-01-25,2637.7472229003906,6.572498069794007,1.2442453866011784,78.36594564426201,0.1078795426921845,1.0,0.0,492.97191464902784,8338.717559927174,0,0,0,0,0,0,0,1,0,0,0,0,0,0,0,0,0,0,0,0,0,0,0,0,0,0,0
2022-01-25,164151.77548217773,6.572498069794007,1.2442453866011784,78.36594564426201,0.1078795426921845,1.0,0.0,492.97191464902784,147505.24502810615,0,0,0,0,0,0,0,0,0,0,1,0,0,0,0,0,0,0,0,0,0,0,0,0,0,0,0
2022-01-25,9779.286071777344,6.572498069794007,1.2442453866011784,78.36594564426201,0.1078795426921845,1.0,0.0,492.97191464902784,7147.209045047371,0,0,0,0,0,0,0,0,0,0,0,0,0,0,0,0,0,1,0,0,0,0,0,0,0,0,0
2022-01-25,7787.106536865234,6.572498069794007,1.2442453866011784,78.36594564426201,0.1078795426921845,1.0,0.0,492.97191464902784,12609.728644013752,0,0,0,0,0,0,0,0,0,0,0,0,0,0,0,0,0,0,0,0,0,1,0,0,0,0,0
2022-01-25,9700.94448852539,6.572498069794007,1.2442453866011784,78.36594564426201,0.1078795426921845,1.0,0.0,492.97191464902784,13864.709777952865,1,0,0,0,0,0,0,0,0,0,0,0,0,0,0,0,0,0,0,0,0,0,0,0,0,0,0
2022-01-25,16732.898376464844,6.572498069794007,1.2442453866011784,78.36594564426201,0.1078795426921845,1.0,0.0,492.97191464902784,23066.58370618632,0,0,0,0,0,0,0,0,0,0,0,1,0,0,0,0,0,0,0,0,0,0,0,0,0,0,0
2022-01-25,6032.390289306641,6.572498069794007,1.2442453866011784,78.36594564426201,0.1078795426921845,1.0,0.0,492.97191464902784,0.0,0,0,0,0,0,0,0,0,0,0,0,0,0,0,0,0,1,0,0,0,0,0,0,0,0,0,0
2022-01-25,0.0,6.572498069794007,1.2442453866011784,78.36594564426201,0.1078795426921845,1.0,0.0,492.97191464902784,0.0,0,0,0,0,0,0,0,0,0,0,0,0,0,0,0,0,0,0,0,0,0,0,0,0,0,1,0
2022-01-25,2816.891387939453,6.572498069794007,1.2442453866011784,78.36594564426201,0.1078795426921845,1.0,0.0,492.97191464902784,6923.48156795572,0,0,0,0,0,0,0,0,0,0,0,0,1,0,0,0,0,0,0,0,0,0,0,0,0,0,0
2022-01-25,15038.63198852539,6.572498069794007,1.2442453866011784,78.36594564426201,0.1078795426921845,1.0,0.0,492.97191464902784,25586.79880236785,0,0,0,0,0,0,0,0,0,0,0,0,0,0,0,0,0,0,0,0,0,0,0,0,1,0,0
2022-01-25,815.2048034667969,6.572498069794007,1.2442453866011784,78.36594564426201,0.1078795426921845,1.0,0.0,492.97191464902784,5939.699041408533,0,0,0,0,0,0,0,0,0,0,0,0,0,1,0,0,0,0,0,0,0,0,0,0,0,0,0
2022-01-25,4632.310241699219,6.572498069794007,1.2442453866011784,78.36594564426201,0.1078795426921845,1.0,0.0,492.97191464902784,11726.044417777995,0,0,0,0,0,0,0,0,0,0,0,0,0,0,0,0,0,0,0,0,0,0,0,1,0,0,0
2022-01-25,0.0,6.572498069794007,1.2442453866011784,78.36594564426201,0.1078795426921845,1.0,0.0,492.97191464902784,4951.442362862063,0,0,0,0,0,0,0,0,0,0,0,0,0,0,1,0,0,0,0,0,0,0,0,0,0,0,0
2022-01-25,0.0,6.572498069794007,1.2442453866011784,78.36594564426201,0.1078795426921845,1.0,0.0,492.97191464902784,4994.899162449196,0,0,0,0,0,0,0,0,0,0,0,0,0,0,0,0,0,0,1,0,0,0,0,0,0,0,0
2022-01-25,0.0,6.572498069794007,1.2442453866011784,78.36594564426201,0.1078795426921845,1.0,0.0,492.97191464902784,163.11874077319072,0,0,0,0,0,0,0,0,0,0,0,0,0,0,0,0,0,0,0,0,0,0,0,0,0,0,1
2022-01-25,0.0,6.572498069794007,1.2442453866011784,78.36594564426201,0.1078795426921845,1.0,0.0,492.97191464902784,0.0,0,0,0,0,0,0,0,0,0,0,0,0,0,0,0,0,0,0,0,1,0,0,0,0,0,0,0
2022-01-25,0.0,6.572498069794007,1.2442453866011784,78.36594564426201,0.1078795426921845,1.0,0.0,492.97191464902784,418.4833226765908,0,1,0,0,0,0,0,0,0,0,0,0,0,0,0,0,0,0,0,0,0,0,0,0,0,0,0
2022-01-25,0.0,6.572498069794007,1.2442453866011784,78.36594564426201,0.1078795426921845,1.0,0.0,492.97191464902784,166.5949388985531,0,0,0,0,0,0,0,0,0,1,0,0,0,0,0,0,0,0,0,0,0,0,0,0,0,0,0
2022-02-01,453984.93142700195,2.179716114906788,0.7744709505109533,60.660242753444514,0.062842672096061,1.0,0.2761528170158003,576.4606588700506,415776.2905317377,0,0,0,0,0,0,0,0,1,0,0,0,0,0,0,0,0,0,0,0,0,0,0,0,0,0,0
2022-02-01,89991.50573730469,2.179716114906788,0.7744709505109533,60.660242753444514,0.062842672096061,1.0,0.2761528170158003,576.4606588700506,81061.72789381791,0,0,0,0,0,0,0,0,0,0,0,0,0,0,0,1,0,0,0,0,0,0,0,0,0,0,0
2022-02-01,58726.57678222656,2.179716114906788,0.7744709505109533,60.660242753444514,0.062842672096061,1.0,0.2761528170158003,576.4606588700506,50294.11968129687,0,0,0,0,0,0,0,0,0,0,0,0,0,0,0,0,0,0,0,0,1,0,0,0,0,0,0
2022-02-01,26830.88409423828,2.179716114906788,0.7744709505109533,60.660242753444514,0.062842672096061,1.0,0.2761528170158003,576.4606588700506,18065.478572971107,0,0,0,0,0,0,0,0,0,0,0,0,0,0,0,0,0,0,0,0,0,0,1,0,0,0,0
2022-02-01,2982.4347534179688,2.179716114906788,0.7744709505109533,60.660242753444514,0.062842672096061,1.0,0.2761528170158003,576.4606588700506,0.0,0,0,1,0,0,0,0,0,0,0,0,0,0,0,0,0,0,0,0,0,0,0,0,0,0,0,0
2022-02-01,110863.20483398438,2.179716114906788,0.7744709505109533,60.660242753444514,0.062842672096061,1.0,0.2761528170158003,576.4606588700506,58161.75671480324,0,0,0,1,0,0,0,0,0,0,0,0,0,0,0,0,0,0,0,0,0,0,0,0,0,0,0
2022-02-01,23985.675903320312,2.179716114906788,0.7744709505109533,60.660242753444514,0.062842672096061,1.0,0.2761528170158003,576.4606588700506,19827.86259203723,0,0,0,0,1,0,0,0,0,0,0,0,0,0,0,0,0,0,0,0,0,0,0,0,0,0,0
2022-02-01,22906.95669555664,2.179716114906788,0.7744709505109533,60.660242753444514,0.062842672096061,1.0,0.2761528170158003,576.4606588700506,0.0,0,0,0,0,0,1,0,0,0,0,0,0,0,0,0,0,0,0,0,0,0,0,0,0,0,0,0
2022-02-01,752.6712646484375,2.179716114906788,0.7744709505109533,60.660242753444514,0.062842672096061,1.0,0.2761528170158003,576.4606588700506,1202.589141494536,0,0,0,0,0,0,1,0,0,0,0,0,0,0,0,0,0,0,0,0,0,0,0,0,0,0,0
2022-02-01,0.0,2.179716114906788,0.7744709505109533,60.660242753444514,0.062842672096061,1.0,0.2761528170158003,576.4606588700506,366.4654030529419,0,0,0,0,0,0,0,1,0,0,0,0,0,0,0,0,0,0,0,0,0,0,0,0,0,0,0
2022-02-01,133876.4172668457,2.179716114906788,0.7744709505109533,60.660242753444514,0.062842672096061,1.0,0.2761528170158003,576.4606588700506,101433.21446845558,0,0,0,0,0,0,0,0,0,0,1,0,0,0,0,0,0,0,0,0,0,0,0,0,0,0,0
2022-02-01,6883.6163330078125,2.179716114906788,0.7744709505109533,60.660242753444514,0.062842672096061,1.0,0.2761528170158003,576.4606588700506,0.0,0,0,0,0,0,0,0,0,0,0,0,0,0,0,0,0,0,1,0,0,0,0,0,0,0,0,0
2022-02-01,1049.1048583984375,2.179716114906788,0.7744709505109533,60.660242753444514,0.062842672096061,1.0,0.2761528170158003,576.4606588700506,0.0,0,0,0,0,0,0,0,0,0,0,0,0,0,0,0,0,0,0,0,0,0,1,0,0,0,0,0
2022-02-01,9928.823913574219,2.179716114906788,0.7744709505109533,60.660242753444514,0.062842672096061,1.0,0.2761528170158003,576.4606588700506,11158.150022000114,1,0,0,0,0,0,0,0,0,0,0,0,0,0,0,0,0,0,0,0,0,0,0,0,0,0,0
2022-02-01,8662.463989257812,2.179716114906788,0.7744709505109533,60.660242753444514,0.062842672096061,1.0,0.2761528170158003,576.4606588700506,8562.578405511513,0,0,0,0,0,0,0,0,0,0,0,1,0,0,0,0,0,0,0,0,0,0,0,0,0,0,0
2022-02-01,30327.47528076172,2.179716114906788,0.7744709505109533,60.660242753444514,0.062842672096061,1.0,0.2761528170158003,576.4606588700506,31509.011444643373,0,0,0,0,0,0,0,0,0,0,0,0,0,0,0,0,1,0,0,0,0,0,0,0,0,0,0
2022-02-01,0.0,2.179716114906788,0.7744709505109533,60.660242753444514,0.062842672096061,1.0,0.2761528170158003,576.4606588700506,0.0,0,0,0,0,0,0,0,0,0,0,0,0,0,0,0,0,0,0,0,0,0,0,0,0,0,1,0
2022-02-01,5166.523834228516,2.179716114906788,0.7744709505109533,60.660242753444514,0.062842672096061,1.0,0.2761528170158003,576.4606588700506,7233.349765499496,0,0,0,0,0,0,0,0,0,0,0,0,1,0,0,0,0,0,0,0,0,0,0,0,0,0,0
2022-02-01,0.0,2.179716114906788,0.7744709505109533,60.660242753444514,0.062842672096061,1.0,0.2761528170158003,576.4606588700506,0.0,0,0,0,0,0,0,0,0,0,0,0,0,0,0,0,0,0,0,0,0,0,0,0,0,1,0,0
2022-02-01,0.0,2.179716114906788,0.7744709505109533,60.660242753444514,0.062842672096061,1.0,0.2761528170158003,576.4606588700506,85.97421799861924,0,0,0,0,0,0,0,0,0,0,0,0,0,1,0,0,0,0,0,0,0,0,0,0,0,0,0
2022-02-01,0.0,2.179716114906788,0.7744709505109533,60.660242753444514,0.062842672096061,1.0,0.2761528170158003,576.4606588700506,0.0,0,0,0,0,0,0,0,0,0,0,0,0,0,0,0,0,0,0,0,0,0,0,0,1,0,0,0
2022-02-01,0.0,2.179716114906788,0.7744709505109533,60.660242753444514,0.062842672096061,1.0,0.2761528170158003,576.4606588700506,223.6057746365269,0,0,0,0,0,0,0,0,0,0,0,0,0,0,1,0,0,0,0,0,0,0,0,0,0,0,0
2022-02-01,0.0,2.179716114906788,0.7744709505109533,60.660242753444514,0.062842672096061,1.0,0.2761528170158003,576.4606588700506,0.0,0,0,0,0,0,0,0,0,0,0,0,0,0,0,0,0,0,0,1,0,0,0,0,0,0,0,0
2022-02-01,9324.644226074219,2.179716114906788,0.7744709505109533,60.660242753444514,0.062842672096061,1.0,0.2761528170158003,576.4606588700506,15753.103738066611,0,0,0,0,0,0,0,0,0,0,0,0,0,0,0,0,0,0,0,0,0,0,0,0,0,0,1
2022-02-01,0.0,2.179716114906788,0.7744709505109533,60.660242753444514,0.062842672096061,1.0,0.2761528170158003,576.4606588700506,0.0,0,0,0,0,0,0,0,0,0,0,0,0,0,0,0,0,0,0,0,1,0,0,0,0,0,0,0
2022-02-01,0.0,2.179716114906788,0.7744709505109533,60.660242753444514,0.062842672096061,1.0,0.2761528170158003,576.4606588700506,309.10770062560715,0,1,0,0,0,0,0,0,0,0,0,0,0,0,0,0,0,0,0,0,0,0,0,0,0,0,0
2022-02-01,0.0,2.179716114906788,0.7744709505109533,60.660242753444514,0.062842672096061,1.0,0.2761528170158003,576.4606588700506,206.7820378614871,0,0,0,0,0,0,0,0,0,1,0,0,0,0,0,0,0,0,0,0,0,0,0,0,0,0,0
2022-02-08,781719.7654724121,2.811746190094758,0.0,55.14734910910049,0.1609254656308927,1.0,0.706166865583254,683.4271316771051,880893.1395738636,0,0,0,0,0,0,0,0,1,0,0,0,0,0,0,0,0,0,0,0,0,0,0,0,0,0,0
2022-02-08,116129.80041503906,2.811746190094758,0.0,55.14734910910049,0.1609254656308927,1.0,0.706166865583254,683.4271316771051,117408.48757918076,0,0,0,0,0,0,0,0,0,0,0,0,0,0,0,1,0,0,0,0,0,0,0,0,0,0,0
2022-02-08,65069.4006652832,2.811746190094758,0.0,55.14734910910049,0.1609254656308927,1.0,0.706166865583254,683.4271316771051,58498.295914381335,0,0,0,0,0,0,0,0,0,0,0,0,0,0,0,0,0,0,0,0,1,0,0,0,0,0,0
2022-02-08,57501.743560791016,2.811746190094758,0.0,55.14734910910049,0.1609254656308927,1.0,0.706166865583254,683.4271316771051,60856.03966576205,0,0,0,0,0,0,0,0,0,0,0,0,0,0,0,0,0,0,0,0,0,0,1,0,0,0,0
2022-02-08,3554.4476318359375,2.811746190094758,0.0,55.14734910910049,0.1609254656308927,1.0,0.706166865583254,683.4271316771051,0.0,0,0,1,0,0,0,0,0,0,0,0,0,0,0,0,0,0,0,0,0,0,0,0,0,0,0,0
2022-02-08,232200.791015625,2.811746190094758,0.0,55.14734910910049,0.1609254656308927,1.0,0.706166865583254,683.4271316771051,229850.28390567488,0,0,0,1,0,0,0,0,0,0,0,0,0,0,0,0,0,0,0,0,0,0,0,0,0,0,0
2022-02-08,19664.82147216797,2.811746190094758,0.0,55.14734910910049,0.1609254656308927,1.0,0.706166865583254,683.4271316771051,12871.830691242309,0,0,0,0,1,0,0,0,0,0,0,0,0,0,0,0,0,0,0,0,0,0,0,0,0,0,0
2022-02-08,73678.5615234375,2.811746190094758,0.0,55.14734910910049,0.1609254656308927,1.0,0.706166865583254,683.4271316771051,71367.14358241923,0,0,0,0,0,1,0,0,0,0,0,0,0,0,0,0,0,0,0,0,0,0,0,0,0,0,0
2022-02-08,9073.812530517578,2.811746190094758,0.0,55.14734910910049,0.1609254656308927,1.0,0.706166865583254,683.4271316771051,12219.275468562806,0,0,0,0,0,0,1,0,0,0,0,0,0,0,0,0,0,0,0,0,0,0,0,0,0,0,0
2022-02-08,0.0,2.811746190094758,0.0,55.14734910910049,0.1609254656308927,1.0,0.706166865583254,683.4271316771051,152.6610109707693,0,0,0,0,0,0,0,1,0,0,0,0,0,0,0,0,0,0,0,0,0,0,0,0,0,0,0
2022-02-08,251755.6278076172,2.811746190094758,0.0,55.14734910910049,0.1609254656308927,1.0,0.706166865583254,683.4271316771051,268205.08035860606,0,0,0,0,0,0,0,0,0,0,1,0,0,0,0,0,0,0,0,0,0,0,0,0,0,0,0
2022-02-08,51477.964935302734,2.811746190094758,0.0,55.14734910910049,0.1609254656308927,1.0,0.706166865583254,683.4271316771051,62585.137276045054,0,0,0,0,0,0,0,0,0,0,0,0,0,0,0,0,0,1,0,0,0,0,0,0,0,0,0
2022-02-08,13403.41455078125,2.811746190094758,0.0,55.14734910910049,0.1609254656308927,1.0,0.706166865583254,683.4271316771051,16750.512036598564,0,0,0,0,0,0,0,0,0,0,0,0,0,0,0,0,0,0,0,0,0,1,0,0,0,0,0
2022-02-08,7041.6978759765625,2.811746190094758,0.0,55.14734910910049,0.1609254656308927,1.0,0.706166865583254,683.4271316771051,6240.403617049177,1,0,0,0,0,0,0,0,0,0,0,0,0,0,0,0,0,0,0,0,0,0,0,0,0,0,0
2022-02-08,21988.99038696289,2.811746190094758,0.0,55.14734910910049,0.1609254656308927,1.0,0.706166865583254,683.4271316771051,26695.2595992311,0,0,0,0,0,0,0,0,0,0,0,1,0,0,0,0,0,0,0,0,0,0,0,0,0,0,0
2022-02-08,37761.005462646484,2.811746190094758,0.0,55.14734910910049,0.1609254656308927,1.0,0.706166865583254,683.4271316771051,41263.80971737691,0,0,0,0,0,0,0,0,0,0,0,0,0,0,0,0,1,0,0,0,0,0,0,0,0,0,0
2022-02-08,0.0,2.811746190094758,0.0,55.14734910910049,0.1609254656308927,1.0,0.706166865583254,683.4271316771051,0.0,0,0,0,0,0,0,0,0,0,0,0,0,0,0,0,0,0,0,0,0,0,0,0,0,0,1,0
2022-02-08,10442.327117919922,2.811746190094758,0.0,55.14734910910049,0.1609254656308927,1.0,0.706166865583254,683.4271316771051,13920.57712260509,0,0,0,0,0,0,0,0,0,0,0,0,1,0,0,0,0,0,0,0,0,0,0,0,0,0,0
2022-02-08,0.0,2.811746190094758,0.0,55.14734910910049,0.1609254656308927,1.0,0.706166865583254,683.4271316771051,0.0,0,0,0,0,0,0,0,0,0,0,0,0,0,0,0,0,0,0,0,0,0,0,0,0,1,0,0
2022-02-08,2561.4154357910156,2.811746190094758,0.0,55.14734910910049,0.1609254656308927,1.0,0.706166865583254,683.4271316771051,4578.489559969002,0,0,0,0,0,0,0,0,0,0,0,0,0,1,0,0,0,0,0,0,0,0,0,0,0,0,0
2022-02-08,2494.50927734375,2.811746190094758,0.0,55.14734910910049,0.1609254656308927,1.0,0.706166865583254,683.4271316771051,4843.060755727444,0,0,0,0,0,0,0,0,0,0,0,0,0,0,0,0,0,0,0,0,0,0,0,1,0,0,0
2022-02-08,717.1377563476562,2.811746190094758,0.0,55.14734910910049,0.1609254656308927,1.0,0.706166865583254,683.4271316771051,3037.8395332739296,0,0,0,0,0,0,0,0,0,0,0,0,0,0,1,0,0,0,0,0,0,0,0,0,0,0,0
2022-02-08,2943.0684204101562,2.811746190094758,0.0,55.14734910910049,0.1609254656308927,1.0,0.706166865583254,683.4271316771051,5561.050308327274,0,0,0,0,0,0,0,0,0,0,0,0,0,0,0,0,0,0,1,0,0,0,0,0,0,0,0
2022-02-08,0.0,2.811746190094758,0.0,55.14734910910049,0.1609254656308927,1.0,0.706166865583254,683.4271316771051,160.31593366939637,0,0,0,0,0,0,0,0,0,0,0,0,0,0,0,0,0,0,0,0,0,0,0,0,0,0,1
2022-02-08,0.0,2.811746190094758,0.0,55.14734910910049,0.1609254656308927,1.0,0.706166865583254,683.4271316771051,0.0,0,0,0,0,0,0,0,0,0,0,0,0,0,0,0,0,0,0,0,1,0,0,0,0,0,0,0
2022-02-08,0.0,2.811746190094758,0.0,55.14734910910049,0.1609254656308927,1.0,0.706166865583254,683.4271316771051,267.0005376049641,0,1,0,0,0,0,0,0,0,0,0,0,0,0,0,0,0,0,0,0,0,0,0,0,0,0,0
2022-02-08,0.0,2.811746190094758,0.0,55.14734910910049,0.1609254656308927,1.0,0.706166865583254,683.4271316771051,249.7900472915909,0,0,0,0,0,0,0,0,0,1,0,0,0,0,0,0,0,0,0,0,0,0,0,0,0,0,0
2022-02-15,389373.80505371094,5.6060319043804725,0.0,64.01434370197175,0.3891317538950512,1.0,0.6774261154686204,712.0148597988135,325479.69235033327,0,0,0,0,0,0,0,0,1,0,0,0,0,0,0,0,0,0,0,0,0,0,0,0,0,0,0
2022-02-15,101607.55123901367,5.6060319043804725,0.0,64.01434370197175,0.3891317538950512,1.0,0.6774261154686204,712.0148597988135,99134.84561626014,0,0,0,0,0,0,0,0,0,0,0,0,0,0,0,1,0,0,0,0,0,0,0,0,0,0,0
2022-02-15,46288.478607177734,5.6060319043804725,0.0,64.01434370197175,0.3891317538950512,1.0,0.6774261154686204,712.0148597988135,34170.23586381447,0,0,0,0,0,0,0,0,0,0,0,0,0,0,0,0,0,0,0,0,1,0,0,0,0,0,0
2022-02-15,35209.4612121582,5.6060319043804725,0.0,64.01434370197175,0.3891317538950512,1.0,0.6774261154686204,712.0148597988135,31535.991751915648,0,0,0,0,0,0,0,0,0,0,0,0,0,0,0,0,0,0,0,0,0,0,1,0,0,0,0
2022-02-15,15137.140869140625,5.6060319043804725,0.0,64.01434370197175,0.3891317538950512,1.0,0.6774261154686204,712.0148597988135,18838.914174560243,0,0,1,0,0,0,0,0,0,0,0,0,0,0,0,0,0,0,0,0,0,0,0,0,0,0,0
2022-02-15,198054.04428100586,5.6060319043804725,0.0,64.01434370197175,0.3891317538950512,1.0,0.6774261154686204,712.0148597988135,183677.12568715715,0,0,0,1,0,0,0,0,0,0,0,0,0,0,0,0,0,0,0,0,0,0,0,0,0,0,0
2022-02-15,9085.939361572266,5.6060319043804725,0.0,64.01434370197175,0.3891317538950512,1.0,0.6774261154686204,712.0148597988135,204.3467569504352,0,0,0,0,1,0,0,0,0,0,0,0,0,0,0,0,0,0,0,0,0,0,0,0,0,0,0
2022-02-15,46411.66516113281,5.6060319043804725,0.0,64.01434370197175,0.3891317538950512,1.0,0.6774261154686204,712.0148597988135,34974.847063451736,0,0,0,0,0,1,0,0,0,0,0,0,0,0,0,0,0,0,0,0,0,0,0,0,0,0,0
2022-02-15,0.0,5.6060319043804725,0.0,64.01434370197175,0.3891317538950512,1.0,0.6774261154686204,712.0148597988135,753.7466712229236,0,0,0,0,0,0,1,0,0,0,0,0,0,0,0,0,0,0,0,0,0,0,0,0,0,0,0
2022-02-15,0.0,5.6060319043804725,0.0,64.01434370197175,0.3891317538950512,1.0,0.6774261154686204,712.0148597988135,60.56829630138854,0,0,0,0,0,0,0,1,0,0,0,0,0,0,0,0,0,0,0,0,0,0,0,0,0,0,0
2022-02-15,180600.93975830078,5.6060319043804725,0.0,64.01434370197175,0.3891317538950512,1.0,0.6774261154686204,712.0148597988135,169418.92351257868,0,0,0,0,0,0,0,0,0,0,1,0,0,0,0,0,0,0,0,0,0,0,0,0,0,0,0
2022-02-15,25134.477325439453,5.6060319043804725,0.0,64.01434370197175,0.3891317538950512,1.0,0.6774261154686204,712.0148597988135,27505.621263015444,0,0,0,0,0,0,0,0,0,0,0,0,0,0,0,0,0,1,0,0,0,0,0,0,0,0,0
2022-02-15,1495.9987487792969,5.6060319043804725,0.0,64.01434370197175,0.3891317538950512,1.0,0.6774261154686204,712.0148597988135,2194.294494588097,0,0,0,0,0,0,0,0,0,0,0,0,0,0,0,0,0,0,0,0,0,1,0,0,0,0,0
2022-02-15,10127.31997680664,5.6060319043804725,0.0,64.01434370197175,0.3891317538950512,1.0,0.6774261154686204,712.0148597988135,12999.305356966504,1,0,0,0,0,0,0,0,0,0,0,0,0,0,0,0,0,0,0,0,0,0,0,0,0,0,0
2022-02-15,22718.083465576172,5.6060319043804725,0.0,64.01434370197175,0.3891317538950512,1.0,0.6774261154686204,712.0148597988135,30103.95989114781,0,0,0,0,0,0,0,0,0,0,0,1,0,0,0,0,0,0,0,0,0,0,0,0,0,0,0
2022-02-15,7067.4906005859375,5.6060319043804725,0.0,64.01434370197175,0.3891317538950512,1.0,0.6774261154686204,712.0148597988135,0.0,0,0,0,0,0,0,0,0,0,0,0,0,0,0,0,0,1,0,0,0,0,0,0,0,0,0,0
2022-02-15,0.0,5.6060319043804725,0.0,64.01434370197175,0.3891317538950512,1.0,0.6774261154686204,712.0148597988135,0.0,0,0,0,0,0,0,0,0,0,0,0,0,0,0,0,0,0,0,0,0,0,0,0,0,0,1,0
2022-02-15,5483.850311279297,5.6060319043804725,0.0,64.01434370197175,0.3891317538950512,1.0,0.6774261154686204,712.0148597988135,9243.442423991642,0,0,0,0,0,0,0,0,0,0,0,0,1,0,0,0,0,0,0,0,0,0,0,0,0,0,0
2022-02-15,0.0,5.6060319043804725,0.0,64.01434370197175,0.3891317538950512,1.0,0.6774261154686204,712.0148597988135,0.0,0,0,0,0,0,0,0,0,0,0,0,0,0,0,0,0,0,0,0,0,0,0,0,0,1,0,0
2022-02-15,0.0,5.6060319043804725,0.0,64.01434370197175,0.3891317538950512,1.0,0.6774261154686204,712.0148597988135,85.52931688565239,0,0,0,0,0,0,0,0,0,0,0,0,0,1,0,0,0,0,0,0,0,0,0,0,0,0,0
2022-02-15,0.0,5.6060319043804725,0.0,64.01434370197175,0.3891317538950512,1.0,0.6774261154686204,712.0148597988135,2123.026535332338,0,0,0,0,0,0,0,0,0,0,0,0,0,0,0,0,0,0,0,0,0,0,0,1,0,0,0
2022-02-15,0.0,5.6060319043804725,0.0,64.01434370197175,0.3891317538950512,1.0,0.6774261154686204,712.0148597988135,85.21454068842144,0,0,0,0,0,0,0,0,0,0,0,0,0,0,1,0,0,0,0,0,0,0,0,0,0,0,0
2022-02-15,0.0,5.6060319043804725,0.0,64.01434370197175,0.3891317538950512,1.0,0.6774261154686204,712.0148597988135,0.0,0,0,0,0,0,0,0,0,0,0,0,0,0,0,0,0,0,0,1,0,0,0,0,0,0,0,0
2022-02-15,0.0,5.6060319043804725,0.0,64.01434370197175,0.3891317538950512,1.0,0.6774261154686204,712.0148597988135,14.854526899135324,0,0,0,0,0,0,0,0,0,0,0,0,0,0,0,0,0,0,0,0,0,0,0,0,0,0,1
2022-02-15,0.0,5.6060319043804725,0.0,64.01434370197175,0.3891317538950512,1.0,0.6774261154686204,712.0148597988135,2686.2380003454123,0,0,0,0,0,0,0,0,0,0,0,0,0,0,0,0,0,0,0,1,0,0,0,0,0,0,0
2022-02-15,0.0,5.6060319043804725,0.0,64.01434370197175,0.3891317538950512,1.0,0.6774261154686204,712.0148597988135,233.2020000055204,0,1,0,0,0,0,0,0,0,0,0,0,0,0,0,0,0,0,0,0,0,0,0,0,0,0,0
2022-02-15,0.0,5.6060319043804725,0.0,64.01434370197175,0.3891317538950512,1.0,0.6774261154686204,712.0148597988135,217.30028406635148,0,0,0,0,0,0,0,0,0,1,0,0,0,0,0,0,0,0,0,0,0,0,0,0,0,0,0
2022-02-22,436307.7516479492,5.214302581072204,0.0,55.73559660132331,0.3005670242140446,1.0,0.601199716322418,714.4986156034549,390027.1077867102,0,0,0,0,0,0,0,0,1,0,0,0,0,0,0,0,0,0,0,0,0,0,0,0,0,0,0
2022-02-22,55313.650146484375,5.214302581072204,0.0,55.73559660132331,0.3005670242140446,1.0,0.601199716322418,714.4986156034549,31143.23171964963,0,0,0,0,0,0,0,0,0,0,0,0,0,0,0,1,0,0,0,0,0,0,0,0,0,0,0
2022-02-22,57755.87365722656,5.214302581072204,0.0,55.73559660132331,0.3005670242140446,1.0,0.601199716322418,714.4986156034549,48295.99689929792,0,0,0,0,0,0,0,0,0,0,0,0,0,0,0,0,0,0,0,0,1,0,0,0,0,0,0
2022-02-22,31958.125274658203,5.214302581072204,0.0,55.73559660132331,0.3005670242140446,1.0,0.601199716322418,714.4986156034549,24736.60686542125,0,0,0,0,0,0,0,0,0,0,0,0,0,0,0,0,0,0,0,0,0,0,1,0,0,0,0
2022-02-22,14860.580322265625,5.214302581072204,0.0,55.73559660132331,0.3005670242140446,1.0,0.601199716322418,714.4986156034549,16268.671678437153,0,0,1,0,0,0,0,0,0,0,0,0,0,0,0,0,0,0,0,0,0,0,0,0,0,0,0
2022-02-22,175767.48916625977,5.214302581072204,0.0,55.73559660132331,0.3005670242140446,1.0,0.601199716322418,714.4986156034549,149815.9825581345,0,0,0,1,0,0,0,0,0,0,0,0,0,0,0,0,0,0,0,0,0,0,0,0,0,0,0
2022-02-22,10473.54800415039,5.214302581072204,0.0,55.73559660132331,0.3005670242140446,1.0,0.601199716322418,714.4986156034549,0.0,0,0,0,0,1,0,0,0,0,0,0,0,0,0,0,0,0,0,0,0,0,0,0,0,0,0,0
2022-02-22,118698.25863647461,5.214302581072204,0.0,55.73559660132331,0.3005670242140446,1.0,0.601199716322418,714.4986156034549,135565.30432176948,0,0,0,0,0,1,0,0,0,0,0,0,0,0,0,0,0,0,0,0,0,0,0,0,0,0,0
2022-02-22,9058.434753417969,5.214302581072204,0.0,55.73559660132331,0.3005670242140446,1.0,0.601199716322418,714.4986156034549,12392.520245102323,0,0,0,0,0,0,1,0,0,0,0,0,0,0,0,0,0,0,0,0,0,0,0,0,0,0,0
2022-02-22,4514.389343261719,5.214302581072204,0.0,55.73559660132331,0.3005670242140446,1.0,0.601199716322418,714.4986156034549,7358.045217106815,0,0,0,0,0,0,0,1,0,0,0,0,0,0,0,0,0,0,0,0,0,0,0,0,0,0,0
2022-02-22,132990.9363708496,5.214302581072204,0.0,55.73559660132331,0.3005670242140446,1.0,0.601199716322418,714.4986156034549,99556.24934299504,0,0,0,0,0,0,0,0,0,0,1,0,0,0,0,0,0,0,0,0,0,0,0,0,0,0,0
2022-02-22,49022.68295288086,5.214302581072204,0.0,55.73559660132331,0.3005670242140446,1.0,0.601199716322418,714.4986156034549,59289.64881562963,0,0,0,0,0,0,0,0,0,0,0,0,0,0,0,0,0,1,0,0,0,0,0,0,0,0,0
2022-02-22,8687.477416992188,5.214302581072204,0.0,55.73559660132331,0.3005670242140446,1.0,0.601199716322418,714.4986156034549,10241.122920338788,0,0,0,0,0,0,0,0,0,0,0,0,0,0,0,0,0,0,0,0,0,1,0,0,0,0,0
2022-02-22,4388.076385498047,5.214302581072204,0.0,55.73559660132331,0.3005670242140446,1.0,0.601199716322418,714.4986156034549,2662.942261767044,1,0,0,0,0,0,0,0,0,0,0,0,0,0,0,0,0,0,0,0,0,0,0,0,0,0,0
2022-02-22,5333.710266113281,5.214302581072204,0.0,55.73559660132331,0.3005670242140446,1.0,0.601199716322418,714.4986156034549,3212.090996262538,0,0,0,0,0,0,0,0,0,0,0,1,0,0,0,0,0,0,0,0,0,0,0,0,0,0,0
2022-02-22,21808.278747558594,5.214302581072204,0.0,55.73559660132331,0.3005670242140446,1.0,0.601199716322418,714.4986156034549,18779.43862100575,0,0,0,0,0,0,0,0,0,0,0,0,0,0,0,0,1,0,0,0,0,0,0,0,0,0,0
2022-02-22,0.0,5.214302581072204,0.0,55.73559660132331,0.3005670242140446,1.0,0.601199716322418,714.4986156034549,0.0,0,0,0,0,0,0,0,0,0,0,0,0,0,0,0,0,0,0,0,0,0,0,0,0,0,1,0
2022-02-22,3380.5470581054688,5.214302581072204,0.0,55.73559660132331,0.3005670242140446,1.0,0.601199716322418,714.4986156034549,4076.1786776706094,0,0,0,0,0,0,0,0,0,0,0,0,1,0,0,0,0,0,0,0,0,0,0,0,0,0,0
2022-02-22,0.0,5.214302581072204,0.0,55.73559660132331,0.3005670242140446,1.0,0.601199716322418,714.4986156034549,0.0,0,0,0,0,0,0,0,0,0,0,0,0,0,0,0,0,0,0,0,0,0,0,0,0,1,0,0
2022-02-22,3138.162811279297,5.214302581072204,0.0,55.73559660132331,0.3005670242140446,1.0,0.601199716322418,714.4986156034549,5593.539606071419,0,0,0,0,0,0,0,0,0,0,0,0,0,1,0,0,0,0,0,0,0,0,0,0,0,0,0
2022-02-22,0.0,5.214302581072204,0.0,55.73559660132331,0.3005670242140446,1.0,0.601199716322418,714.4986156034549,0.0,0,0,0,0,0,0,0,0,0,0,0,0,0,0,0,0,0,0,0,0,0,0,0,1,0,0,0
2022-02-22,0.0,5.214302581072204,0.0,55.73559660132331,0.3005670242140446,1.0,0.601199716322418,714.4986156034549,0.3175266418127336,0,0,0,0,0,0,0,0,0,0,0,0,0,0,1,0,0,0,0,0,0,0,0,0,0,0,0
2022-02-22,0.0,5.214302581072204,0.0,55.73559660132331,0.3005670242140446,1.0,0.601199716322418,714.4986156034549,0.0,0,0,0,0,0,0,0,0,0,0,0,0,0,0,0,0,0,0,1,0,0,0,0,0,0,0,0
2022-02-22,0.0,5.214302581072204,0.0,55.73559660132331,0.3005670242140446,1.0,0.601199716322418,714.4986156034549,157.61619893710713,0,0,0,0,0,0,0,0,0,0,0,0,0,0,0,0,0,0,0,0,0,0,0,0,0,0,1
2022-02-22,0.0,5.214302581072204,0.0,55.73559660132331,0.3005670242140446,1.0,0.601199716322418,714.4986156034549,0.0,0,0,0,0,0,0,0,0,0,0,0,0,0,0,0,0,0,0,0,1,0,0,0,0,0,0,0
2022-02-22,6499.038848876953,5.214302581072204,0.0,55.73559660132331,0.3005670242140446,1.0,0.601199716322418,714.4986156034549,10977.067269744102,0,1,0,0,0,0,0,0,0,0,0,0,0,0,0,0,0,0,0,0,0,0,0,0,0,0,0
2022-02-22,6443.405059814453,5.214302581072204,0.0,55.73559660132331,0.3005670242140446,1.0,0.601199716322418,714.4986156034549,11073.07324794723,0,0,0,0,0,0,0,0,0,1,0,0,0,0,0,0,0,0,0,0,0,0,0,0,0,0,0
2022-03-01,364875.9853820801,6.946483032200023,7.078079973067344,68.48085298737416,0.0411966334446218,1.0000000000000002,0.611740688642611,819.3354504842748,288444.6828316427,0,0,0,0,0,0,0,0,1,0,0,0,0,0,0,0,0,0,0,0,0,0,0,0,0,0,0
2022-03-01,93381.73233032227,6.946483032200023,7.078079973067344,68.48085298737416,0.0411966334446218,1.0000000000000002,0.611740688642611,819.3354504842748,85233.21567978885,0,0,0,0,0,0,0,0,0,0,0,0,0,0,0,1,0,0,0,0,0,0,0,0,0,0,0
2022-03-01,47287.525329589844,6.946483032200023,7.078079973067344,68.48085298737416,0.0411966334446218,1.0000000000000002,0.611740688642611,819.3354504842748,33383.30036384647,0,0,0,0,0,0,0,0,0,0,0,0,0,0,0,0,0,0,0,0,1,0,0,0,0,0,0
2022-03-01,38806.886779785156,6.946483032200023,7.078079973067344,68.48085298737416,0.0411966334446218,1.0000000000000002,0.611740688642611,819.3354504842748,34443.08778231966,0,0,0,0,0,0,0,0,0,0,0,0,0,0,0,0,0,0,0,0,0,0,1,0,0,0,0
2022-03-01,11486.18716430664,6.946483032200023,7.078079973067344,68.48085298737416,0.0411966334446218,1.0000000000000002,0.611740688642611,819.3354504842748,11441.222763756614,0,0,1,0,0,0,0,0,0,0,0,0,0,0,0,0,0,0,0,0,0,0,0,0,0,0,0
2022-03-01,142783.4825439453,6.946483032200023,7.078079973067344,68.48085298737416,0.0411966334446218,1.0000000000000002,0.611740688642611,819.3354504842748,102893.49957319137,0,0,0,1,0,0,0,0,0,0,0,0,0,0,0,0,0,0,0,0,0,0,0,0,0,0,0
2022-03-01,18469.84716796875,6.946483032200023,7.078079973067344,68.48085298737416,0.0411966334446218,1.0000000000000002,0.611740688642611,819.3354504842748,11337.898270513875,0,0,0,0,1,0,0,0,0,0,0,0,0,0,0,0,0,0,0,0,0,0,0,0,0,0,0
2022-03-01,55470.83181762695,6.946483032200023,7.078079973067344,68.48085298737416,0.0411966334446218,1.0000000000000002,0.611740688642611,819.3354504842748,45646.72457267906,0,0,0,0,0,1,0,0,0,0,0,0,0,0,0,0,0,0,0,0,0,0,0,0,0,0,0
2022-03-01,531.93505859375,6.946483032200023,7.078079973067344,68.48085298737416,0.0411966334446218,1.0000000000000002,0.611740688642611,819.3354504842748,240.48733755128205,0,0,0,0,0,0,1,0,0,0,0,0,0,0,0,0,0,0,0,0,0,0,0,0,0,0,0
2022-03-01,0.0,6.946483032200023,7.078079973067344,68.48085298737416,0.0411966334446218,1.0000000000000002,0.611740688642611,819.3354504842748,6.1316907358858845,0,0,0,0,0,0,0,1,0,0,0,0,0,0,0,0,0,0,0,0,0,0,0,0,0,0,0
2022-03-01,160793.56573486328,6.946483032200023,7.078079973067344,68.48085298737416,0.0411966334446218,1.0000000000000002,0.611740688642611,819.3354504842748,139052.16956587788,0,0,0,0,0,0,0,0,0,0,1,0,0,0,0,0,0,0,0,0,0,0,0,0,0,0,0
2022-03-01,17817.677734375,6.946483032200023,7.078079973067344,68.48085298737416,0.0411966334446218,1.0000000000000002,0.611740688642611,819.3354504842748,14896.314823220737,0,0,0,0,0,0,0,0,0,0,0,0,0,0,0,0,0,1,0,0,0,0,0,0,0,0,0
2022-03-01,9793.234893798828,6.946483032200023,7.078079973067344,68.48085298737416,0.0411966334446218,1.0000000000000002,0.611740688642611,819.3354504842748,11782.959923435785,0,0,0,0,0,0,0,0,0,0,0,0,0,0,0,0,0,0,0,0,0,1,0,0,0,0,0
2022-03-01,20679.790649414062,6.946483032200023,7.078079973067344,68.48085298737416,0.0411966334446218,1.0000000000000002,0.611740688642611,819.3354504842748,25794.165091306648,1,0,0,0,0,0,0,0,0,0,0,0,0,0,0,0,0,0,0,0,0,0,0,0,0,0,0
2022-03-01,22044.27423095703,6.946483032200023,7.078079973067344,68.48085298737416,0.0411966334446218,1.0000000000000002,0.611740688642611,819.3354504842748,26938.778937306783,0,0,0,0,0,0,0,0,0,0,0,1,0,0,0,0,0,0,0,0,0,0,0,0,0,0,0
2022-03-01,33692.46255493164,6.946483032200023,7.078079973067344,68.48085298737416,0.0411966334446218,1.0000000000000002,0.611740688642611,819.3354504842748,35644.617315776246,0,0,0,0,0,0,0,0,0,0,0,0,0,0,0,0,1,0,0,0,0,0,0,0,0,0,0
2022-03-01,6765.0235595703125,6.946483032200023,7.078079973067344,68.48085298737416,0.0411966334446218,1.0000000000000002,0.611740688642611,819.3354504842748,10251.350605129148,0,0,0,0,0,0,0,0,0,0,0,0,0,0,0,0,0,0,0,0,0,0,0,0,0,1,0
2022-03-01,5153.168365478516,6.946483032200023,7.078079973067344,68.48085298737416,0.0411966334446218,1.0000000000000002,0.611740688642611,819.3354504842748,6566.074510178775,0,0,0,0,0,0,0,0,0,0,0,0,1,0,0,0,0,0,0,0,0,0,0,0,0,0,0
2022-03-01,9982.096069335938,6.946483032200023,7.078079973067344,68.48085298737416,0.0411966334446218,1.0000000000000002,0.611740688642611,819.3354504842748,14719.267659463318,0,0,0,0,0,0,0,0,0,0,0,0,0,0,0,0,0,0,0,0,0,0,0,0,1,0,0
2022-03-01,0.0,6.946483032200023,7.078079973067344,68.48085298737416,0.0411966334446218,1.0000000000000002,0.611740688642611,819.3354504842748,85.53637932736254,0,0,0,0,0,0,0,0,0,0,0,0,0,1,0,0,0,0,0,0,0,0,0,0,0,0,0
2022-03-01,0.0,6.946483032200023,7.078079973067344,68.48085298737416,0.0411966334446218,1.0000000000000002,0.611740688642611,819.3354504842748,0.0,0,0,0,0,0,0,0,0,0,0,0,0,0,0,0,0,0,0,0,0,0,0,0,1,0,0,0
2022-03-01,0.0,6.946483032200023,7.078079973067344,68.48085298737416,0.0411966334446218,1.0000000000000002,0.611740688642611,819.3354504842748,5.091825548176162,0,0,0,0,0,0,0,0,0,0,0,0,0,0,1,0,0,0,0,0,0,0,0,0,0,0,0
2022-03-01,0.0,6.946483032200023,7.078079973067344,68.48085298737416,0.0411966334446218,1.0000000000000002,0.611740688642611,819.3354504842748,0.0,0,0,0,0,0,0,0,0,0,0,0,0,0,0,0,0,0,0,1,0,0,0,0,0,0,0,0
2022-03-01,0.0,6.946483032200023,7.078079973067344,68.48085298737416,0.0411966334446218,1.0000000000000002,0.611740688642611,819.3354504842748,17.504155092650848,0,0,0,0,0,0,0,0,0,0,0,0,0,0,0,0,0,0,0,0,0,0,0,0,0,0,1
2022-03-01,0.0,6.946483032200023,7.078079973067344,68.48085298737416,0.0411966334446218,1.0000000000000002,0.611740688642611,819.3354504842748,0.0,0,0,0,0,0,0,0,0,0,0,0,0,0,0,0,0,0,0,0,1,0,0,0,0,0,0,0
2022-03-01,0.0,6.946483032200023,7.078079973067344,68.48085298737416,0.0411966334446218,1.0000000000000002,0.611740688642611,819.3354504842748,201.4914278012484,0,1,0,0,0,0,0,0,0,0,0,0,0,0,0,0,0,0,0,0,0,0,0,0,0,0,0
2022-03-01,0.0,6.946483032200023,7.078079973067344,68.48085298737416,0.0411966334446218,1.0000000000000002,0.611740688642611,819.3354504842748,228.1920010654352,0,0,0,0,0,0,0,0,0,1,0,0,0,0,0,0,0,0,0,0,0,0,0,0,0,0,0
2022-03-08,522553.7267150879,7.400618370545887,0.0,73.2905585793259,0.041892947798073,1.0000000000000002,0.7596908594669929,1033.4567320186989,511063.9163444908,0,0,0,0,0,0,0,0,1,0,0,0,0,0,0,0,0,0,0,0,0,0,0,0,0,0,0
2022-03-08,161662.0743713379,7.400618370545887,0.0,73.2905585793259,0.041892947798073,1.0000000000000002,0.7596908594669929,1033.4567320186989,180759.04501884544,0,0,0,0,0,0,0,0,0,0,0,0,0,0,0,1,0,0,0,0,0,0,0,0,0,0,0
2022-03-08,24893.288208007812,7.400618370545887,0.0,73.2905585793259,0.041892947798073,1.0000000000000002,0.7596908594669929,1033.4567320186989,0.0,0,0,0,0,0,0,0,0,0,0,0,0,0,0,0,0,0,0,0,0,1,0,0,0,0,0,0
2022-03-08,39288.7092590332,7.400618370545887,0.0,73.2905585793259,0.041892947798073,1.0000000000000002,0.7596908594669929,1033.4567320186989,33581.94479651825,0,0,0,0,0,0,0,0,0,0,0,0,0,0,0,0,0,0,0,0,0,0,1,0,0,0,0
2022-03-08,13468.60791015625,7.400618370545887,0.0,73.2905585793259,0.041892947798073,1.0000000000000002,0.7596908594669929,1033.4567320186989,12713.432050197773,0,0,1,0,0,0,0,0,0,0,0,0,0,0,0,0,0,0,0,0,0,0,0,0,0,0,0
2022-03-08,193727.0467529297,7.400618370545887,0.0,73.2905585793259,0.041892947798073,1.0000000000000002,0.7596908594669929,1033.4567320186989,173772.1900407015,0,0,0,1,0,0,0,0,0,0,0,0,0,0,0,0,0,0,0,0,0,0,0,0,0,0,0
2022-03-08,26364.145263671875,7.400618370545887,0.0,73.2905585793259,0.041892947798073,1.0000000000000002,0.7596908594669929,1033.4567320186989,21014.833197596658,0,0,0,0,1,0,0,0,0,0,0,0,0,0,0,0,0,0,0,0,0,0,0,0,0,0,0
2022-03-08,139559.9207763672,7.400618370545887,0.0,73.2905585793259,0.041892947798073,1.0000000000000002,0.7596908594669929,1033.4567320186989,163647.34037640196,0,0,0,0,0,1,0,0,0,0,0,0,0,0,0,0,0,0,0,0,0,0,0,0,0,0,0
2022-03-08,11769.364288330078,7.400618370545887,0.0,73.2905585793259,0.041892947798073,1.0000000000000002,0.7596908594669929,1033.4567320186989,14670.2441685063,0,0,0,0,0,0,1,0,0,0,0,0,0,0,0,0,0,0,0,0,0,0,0,0,0,0,0
2022-03-08,447.5265197753906,7.400618370545887,0.0,73.2905585793259,0.041892947798073,1.0000000000000002,0.7596908594669929,1033.4567320186989,0.0,0,0,0,0,0,0,0,1,0,0,0,0,0,0,0,0,0,0,0,0,0,0,0,0,0,0,0
2022-03-08,170812.47784423828,7.400618370545887,0.0,73.2905585793259,0.041892947798073,1.0000000000000002,0.7596908594669929,1033.4567320186989,151749.59981570014,0,0,0,0,0,0,0,0,0,0,1,0,0,0,0,0,0,0,0,0,0,0,0,0,0,0,0
2022-03-08,22737.986724853516,7.400618370545887,0.0,73.2905585793259,0.041892947798073,1.0000000000000002,0.7596908594669929,1033.4567320186989,20345.225205595078,0,0,0,0,0,0,0,0,0,0,0,0,0,0,0,0,0,1,0,0,0,0,0,0,0,0,0
2022-03-08,9533.978576660156,7.400618370545887,0.0,73.2905585793259,0.041892947798073,1.0000000000000002,0.7596908594669929,1033.4567320186989,9868.249075213438,0,0,0,0,0,0,0,0,0,0,0,0,0,0,0,0,0,0,0,0,0,1,0,0,0,0,0
2022-03-08,29427.82012939453,7.400618370545887,0.0,73.2905585793259,0.041892947798073,1.0000000000000002,0.7596908594669929,1033.4567320186989,36684.82241305468,1,0,0,0,0,0,0,0,0,0,0,0,0,0,0,0,0,0,0,0,0,0,0,0,0,0,0
2022-03-08,15803.128204345703,7.400618370545887,0.0,73.2905585793259,0.041892947798073,1.0000000000000002,0.7596908594669929,1033.4567320186989,16519.80810603821,0,0,0,0,0,0,0,0,0,0,0,1,0,0,0,0,0,0,0,0,0,0,0,0,0,0,0
2022-03-08,44351.25698852539,7.400618370545887,0.0,73.2905585793259,0.041892947798073,1.0000000000000002,0.7596908594669929,1033.4567320186989,49251.74769349691,0,0,0,0,0,0,0,0,0,0,0,0,0,0,0,0,1,0,0,0,0,0,0,0,0,0,0
2022-03-08,641.7814636230469,7.400618370545887,0.0,73.2905585793259,0.041892947798073,1.0000000000000002,0.7596908594669929,1033.4567320186989,0.0,0,0,0,0,0,0,0,0,0,0,0,0,0,0,0,0,0,0,0,0,0,0,0,0,0,1,0
2022-03-08,8030.97265625,7.400618370545887,0.0,73.2905585793259,0.041892947798073,1.0000000000000002,0.7596908594669929,1033.4567320186989,9111.221737404418,0,0,0,0,0,0,0,0,0,0,0,0,1,0,0,0,0,0,0,0,0,0,0,0,0,0,0
2022-03-08,716.1246643066406,7.400618370545887,0.0,73.2905585793259,0.041892947798073,1.0000000000000002,0.7596908594669929,1033.4567320186989,0.0,0,0,0,0,0,0,0,0,0,0,0,0,0,0,0,0,0,0,0,0,0,0,0,0,1,0,0
2022-03-08,4312.357116699219,7.400618370545887,0.0,73.2905585793259,0.041892947798073,1.0000000000000002,0.7596908594669929,1033.4567320186989,5686.53657986591,0,0,0,0,0,0,0,0,0,0,0,0,0,1,0,0,0,0,0,0,0,0,0,0,0,0,0
2022-03-08,59.446502685546875,7.400618370545887,0.0,73.2905585793259,0.041892947798073,1.0000000000000002,0.7596908594669929,1033.4567320186989,0.0,0,0,0,0,0,0,0,0,0,0,0,0,0,0,0,0,0,0,0,0,0,0,0,1,0,0,0
2022-03-08,0.0,7.400618370545887,0.0,73.2905585793259,0.041892947798073,1.0000000000000002,0.7596908594669929,1033.4567320186989,45.23122621335864,0,0,0,0,0,0,0,0,0,0,0,0,0,0,1,0,0,0,0,0,0,0,0,0,0,0,0
2022-03-08,2.97235107421875,7.400618370545887,0.0,73.2905585793259,0.041892947798073,1.0000000000000002,0.7596908594669929,1033.4567320186989,0.0,0,0,0,0,0,0,0,0,0,0,0,0,0,0,0,0,0,0,1,0,0,0,0,0,0,0,0
2022-03-08,0.0,7.400618370545887,0.0,73.2905585793259,0.041892947798073,1.0000000000000002,0.7596908594669929,1033.4567320186989,155.01574731503183,0,0,0,0,0,0,0,0,0,0,0,0,0,0,0,0,0,0,0,0,0,0,0,0,0,0,1
2022-03-08,0.0,7.400618370545887,0.0,73.2905585793259,0.041892947798073,1.0000000000000002,0.7596908594669929,1033.4567320186989,0.0,0,0,0,0,0,0,0,0,0,0,0,0,0,0,0,0,0,0,0,1,0,0,0,0,0,0,0
2022-03-08,22.8529052734375,7.400618370545887,0.0,73.2905585793259,0.041892947798073,1.0000000000000002,0.7596908594669929,1033.4567320186989,193.7649720843961,0,1,0,0,0,0,0,0,0,0,0,0,0,0,0,0,0,0,0,0,0,0,0,0,0,0,0
2022-03-08,0.0,7.400618370545887,0.0,73.2905585793259,0.041892947798073,1.0000000000000002,0.7596908594669929,1033.4567320186989,225.1311557561149,0,0,0,0,0,0,0,0,0,1,0,0,0,0,0,0,0,0,0,0,0,0,0,0,0,0,0
2022-03-15,466721.25357055664,10.362272505884231,1.4433431309620812,69.69516980348962,0.0131359296912115,1.0000000000000002,0.7809823364847753,1046.2219311982851,430317.4634669279,0,0,0,0,0,0,0,0,1,0,0,0,0,0,0,0,0,0,0,0,0,0,0,0,0,0,0
2022-03-15,105957.44635009766,10.362272505884231,1.4433431309620812,69.69516980348962,0.0131359296912115,1.0000000000000002,0.7809823364847753,1046.2219311982851,100194.34540151308,0,0,0,0,0,0,0,0,0,0,0,0,0,0,0,1,0,0,0,0,0,0,0,0,0,0,0
2022-03-15,62740.5124206543,10.362272505884231,1.4433431309620812,69.69516980348962,0.0131359296912115,1.0000000000000002,0.7809823364847753,1046.2219311982851,52434.95657949408,0,0,0,0,0,0,0,0,0,0,0,0,0,0,0,0,0,0,0,0,1,0,0,0,0,0,0
2022-03-15,30939.033294677734,10.362272505884231,1.4433431309620812,69.69516980348962,0.0131359296912115,1.0000000000000002,0.7809823364847753,1046.2219311982851,20340.25582272782,0,0,0,0,0,0,0,0,0,0,0,0,0,0,0,0,0,0,0,0,0,0,1,0,0,0,0
2022-03-15,17454.387817382812,10.362272505884231,1.4433431309620812,69.69516980348962,0.0131359296912115,1.0000000000000002,0.7809823364847753,1046.2219311982851,17008.663494353314,0,0,1,0,0,0,0,0,0,0,0,0,0,0,0,0,0,0,0,0,0,0,0,0,0,0,0
2022-03-15,198272.67178344727,10.362272505884231,1.4433431309620812,69.69516980348962,0.0131359296912115,1.0000000000000002,0.7809823364847753,1046.2219311982851,178863.3353039531,0,0,0,1,0,0,0,0,0,0,0,0,0,0,0,0,0,0,0,0,0,0,0,0,0,0,0
2022-03-15,43926.04312133789,10.362272505884231,1.4433431309620812,69.69516980348962,0.0131359296912115,1.0000000000000002,0.7809823364847753,1046.2219311982851,44610.79444346624,0,0,0,0,1,0,0,0,0,0,0,0,0,0,0,0,0,0,0,0,0,0,0,0,0,0,0
2022-03-15,78254.56930541992,10.362272505884231,1.4433431309620812,69.69516980348962,0.0131359296912115,1.0000000000000002,0.7809823364847753,1046.2219311982851,75120.2725806284,0,0,0,0,0,1,0,0,0,0,0,0,0,0,0,0,0,0,0,0,0,0,0,0,0,0,0
2022-03-15,10070.011199951172,10.362272505884231,1.4433431309620812,69.69516980348962,0.0131359296912115,1.0000000000000002,0.7809823364847753,1046.2219311982851,10883.105124547092,0,0,0,0,0,0,1,0,0,0,0,0,0,0,0,0,0,0,0,0,0,0,0,0,0,0,0
2022-03-15,9513.033142089844,10.362272505884231,1.4433431309620812,69.69516980348962,0.0131359296912115,1.0000000000000002,0.7809823364847753,1046.2219311982851,11516.915354326757,0,0,0,0,0,0,0,1,0,0,0,0,0,0,0,0,0,0,0,0,0,0,0,0,0,0,0
2022-03-15,238816.22790527344,10.362272505884231,1.4433431309620812,69.69516980348962,0.0131359296912115,1.0000000000000002,0.7809823364847753,1046.2219311982851,247057.1182311684,0,0,0,0,0,0,0,0,0,0,1,0,0,0,0,0,0,0,0,0,0,0,0,0,0,0,0
2022-03-15,15737.312896728516,10.362272505884231,1.4433431309620812,69.69516980348962,0.0131359296912115,1.0000000000000002,0.7809823364847753,1046.2219311982851,9021.369152621224,0,0,0,0,0,0,0,0,0,0,0,0,0,0,0,0,0,1,0,0,0,0,0,0,0,0,0
2022-03-15,16911.61883544922,10.362272505884231,1.4433431309620812,69.69516980348962,0.0131359296912115,1.0000000000000002,0.7809823364847753,1046.2219311982851,18985.57920107873,0,0,0,0,0,0,0,0,0,0,0,0,0,0,0,0,0,0,0,0,0,1,0,0,0,0,0
2022-03-15,21465.196502685547,10.362272505884231,1.4433431309620812,69.69516980348962,0.0131359296912115,1.0000000000000002,0.7809823364847753,1046.2219311982851,23993.39332529441,1,0,0,0,0,0,0,0,0,0,0,0,0,0,0,0,0,0,0,0,0,0,0,0,0,0,0
2022-03-15,18946.967529296875,10.362272505884231,1.4433431309620812,69.69516980348962,0.0131359296912115,1.0000000000000002,0.7809823364847753,1046.2219311982851,19618.079748741,0,0,0,0,0,0,0,0,0,0,0,1,0,0,0,0,0,0,0,0,0,0,0,0,0,0,0
2022-03-15,17765.78643798828,10.362272505884231,1.4433431309620812,69.69516980348962,0.0131359296912115,1.0000000000000002,0.7809823364847753,1046.2219311982851,10084.816711323978,0,0,0,0,0,0,0,0,0,0,0,0,0,0,0,0,1,0,0,0,0,0,0,0,0,0,0
2022-03-15,1606.2989807128906,10.362272505884231,1.4433431309620812,69.69516980348962,0.0131359296912115,1.0000000000000002,0.7809823364847753,1046.2219311982851,0.0,0,0,0,0,0,0,0,0,0,0,0,0,0,0,0,0,0,0,0,0,0,0,0,0,0,1,0
2022-03-15,10399.735107421875,10.362272505884231,1.4433431309620812,69.69516980348962,0.0131359296912115,1.0000000000000002,0.7809823364847753,1046.2219311982851,11107.591524013298,0,0,0,0,0,0,0,0,0,0,0,0,1,0,0,0,0,0,0,0,0,0,0,0,0,0,0
2022-03-15,17323.75714111328,10.362272505884231,1.4433431309620812,69.69516980348962,0.0131359296912115,1.0000000000000002,0.7809823364847753,1046.2219311982851,22239.31287219365,0,0,0,0,0,0,0,0,0,0,0,0,0,0,0,0,0,0,0,0,0,0,0,0,1,0,0
2022-03-15,4945.573669433594,10.362272505884231,1.4433431309620812,69.69516980348962,0.0131359296912115,1.0000000000000002,0.7809823364847753,1046.2219311982851,5215.536659649827,0,0,0,0,0,0,0,0,0,0,0,0,0,1,0,0,0,0,0,0,0,0,0,0,0,0,0
2022-03-15,6758.932067871094,10.362272505884231,1.4433431309620812,69.69516980348962,0.0131359296912115,1.0000000000000002,0.7809823364847753,1046.2219311982851,8153.219432037464,0,0,0,0,0,0,0,0,0,0,0,0,0,0,0,0,0,0,0,0,0,0,0,1,0,0,0
2022-03-15,3911.9456787109375,10.362272505884231,1.4433431309620812,69.69516980348962,0.0131359296912115,1.0000000000000002,0.7809823364847753,1046.2219311982851,4827.361190004827,0,0,0,0,0,0,0,0,0,0,0,0,0,0,1,0,0,0,0,0,0,0,0,0,0,0,0
2022-03-15,3611.6563110351562,10.362272505884231,1.4433431309620812,69.69516980348962,0.0131359296912115,1.0000000000000002,0.7809823364847753,1046.2219311982851,3759.1262809926993,0,0,0,0,0,0,0,0,0,0,0,0,0,0,0,0,0,0,1,0,0,0,0,0,0,0,0
2022-03-15,766.1038818359375,10.362272505884231,1.4433431309620812,69.69516980348962,0.0131359296912115,1.0000000000000002,0.7809823364847753,1046.2219311982851,20.05634285065554,0,0,0,0,0,0,0,0,0,0,0,0,0,0,0,0,0,0,0,0,0,0,0,0,0,0,1
2022-03-15,686.4495239257812,10.362272505884231,1.4433431309620812,69.69516980348962,0.0131359296912115,1.0000000000000002,0.7809823364847753,1046.2219311982851,0.0,0,0,0,0,0,0,0,0,0,0,0,0,0,0,0,0,0,0,0,1,0,0,0,0,0,0,0
2022-03-15,983.9304504394531,10.362272505884231,1.4433431309620812,69.69516980348962,0.0131359296912115,1.0000000000000002,0.7809823364847753,1046.2219311982851,188.87448917211785,0,1,0,0,0,0,0,0,0,0,0,0,0,0,0,0,0,0,0,0,0,0,0,0,0,0,0
2022-03-15,887.1427001953125,10.362272505884231,1.4433431309620812,69.69516980348962,0.0131359296912115,1.0000000000000002,0.7809823364847753,1046.2219311982851,226.3731733836448,0,0,0,0,0,0,0,0,0,1,0,0,0,0,0,0,0,0,0,0,0,0,0,0,0,0,0
2022-03-22,744965.7633056641,10.019114611147392,0.0720649354733584,63.84697742471602,0.0023796606138417,1.0000000000000002,0.8015681876605243,1043.9788755262978,824732.5006297629,0,0,0,0,0,0,0,0,1,0,0,0,0,0,0,0,0,0,0,0,0,0,0,0,0,0,0
2022-03-22,139777.31506347656,10.019114611147392,0.0720649354733584,63.84697742471602,0.0023796606138417,1.0000000000000002,0.8015681876605243,1043.9788755262978,147118.7402965119,0,0,0,0,0,0,0,0,0,0,0,0,0,0,0,1,0,0,0,0,0,0,0,0,0,0,0
2022-03-22,61848.727935791016,10.019114611147392,0.0720649354733584,63.84697742471602,0.0023796606138417,1.0000000000000002,0.8015681876605243,1043.9788755262978,50010.91171139352,0,0,0,0,0,0,0,0,0,0,0,0,0,0,0,0,0,0,0,0,1,0,0,0,0,0,0
2022-03-22,35010.63882446289,10.019114611147392,0.0720649354733584,63.84697742471602,0.0023796606138417,1.0000000000000002,0.8015681876605243,1043.9788755262978,24972.50278137347,0,0,0,0,0,0,0,0,0,0,0,0,0,0,0,0,0,0,0,0,0,0,1,0,0,0,0
2022-03-22,27229.554260253906,10.019114611147392,0.0720649354733584,63.84697742471602,0.0023796606138417,1.0000000000000002,0.8015681876605243,1043.9788755262978,29749.47935579852,0,0,1,0,0,0,0,0,0,0,0,0,0,0,0,0,0,0,0,0,0,0,0,0,0,0,0
2022-03-22,205280.275390625,10.019114611147392,0.0720649354733584,63.84697742471602,0.0023796606138417,1.0000000000000002,0.8015681876605243,1043.9788755262978,187669.59616965373,0,0,0,1,0,0,0,0,0,0,0,0,0,0,0,0,0,0,0,0,0,0,0,0,0,0,0
2022-03-22,32699.331939697266,10.019114611147392,0.0720649354733584,63.84697742471602,0.0023796606138417,1.0000000000000002,0.8015681876605243,1043.9788755262978,27493.917075822872,0,0,0,0,1,0,0,0,0,0,0,0,0,0,0,0,0,0,0,0,0,0,0,0,0,0,0
2022-03-22,61690.8671875,10.019114611147392,0.0720649354733584,63.84697742471602,0.0023796606138417,1.0000000000000002,0.8015681876605243,1043.9788755262978,50415.967059324605,0,0,0,0,0,1,0,0,0,0,0,0,0,0,0,0,0,0,0,0,0,0,0,0,0,0,0
2022-03-22,3425.533172607422,10.019114611147392,0.0720649354733584,63.84697742471602,0.0023796606138417,1.0000000000000002,0.8015681876605243,1043.9788755262978,280.6410727458182,0,0,0,0,0,0,1,0,0,0,0,0,0,0,0,0,0,0,0,0,0,0,0,0,0,0,0
2022-03-22,2225.330780029297,10.019114611147392,0.0720649354733584,63.84697742471602,0.0023796606138417,1.0000000000000002,0.8015681876605243,1043.9788755262978,0.0,0,0,0,0,0,0,0,1,0,0,0,0,0,0,0,0,0,0,0,0,0,0,0,0,0,0,0
2022-03-22,210712.23526000977,10.019114611147392,0.0720649354733584,63.84697742471602,0.0023796606138417,1.0000000000000002,0.8015681876605243,1043.9788755262978,205946.35320565096,0,0,0,0,0,0,0,0,0,0,1,0,0,0,0,0,0,0,0,0,0,0,0,0,0,0,0
2022-03-22,18592.321746826172,10.019114611147392,0.0720649354733584,63.84697742471602,0.0023796606138417,1.0000000000000002,0.8015681876605243,1043.9788755262978,11924.01975344428,0,0,0,0,0,0,0,0,0,0,0,0,0,0,0,0,0,1,0,0,0,0,0,0,0,0,0
2022-03-22,7284.761444091797,10.019114611147392,0.0720649354733584,63.84697742471602,0.0023796606138417,1.0000000000000002,0.8015681876605243,1043.9788755262978,4143.162418736311,0,0,0,0,0,0,0,0,0,0,0,0,0,0,0,0,0,0,0,0,0,1,0,0,0,0,0
2022-03-22,23735.389129638672,10.019114611147392,0.0720649354733584,63.84697742471602,0.0023796606138417,1.0000000000000002,0.8015681876605243,1043.9788755262978,26064.62950094439,1,0,0,0,0,0,0,0,0,0,0,0,0,0,0,0,0,0,0,0,0,0,0,0,0,0,0
2022-03-22,12362.305419921875,10.019114611147392,0.0720649354733584,63.84697742471602,0.0023796606138417,1.0000000000000002,0.8015681876605243,1043.9788755262978,9100.654061196388,0,0,0,0,0,0,0,0,0,0,0,1,0,0,0,0,0,0,0,0,0,0,0,0,0,0,0
2022-03-22,43118.510192871094,10.019114611147392,0.0720649354733584,63.84697742471602,0.0023796606138417,1.0000000000000002,0.8015681876605243,1043.9788755262978,44971.74422095152,0,0,0,0,0,0,0,0,0,0,0,0,0,0,0,0,1,0,0,0,0,0,0,0,0,0,0
2022-03-22,2419.585723876953,10.019114611147392,0.0720649354733584,63.84697742471602,0.0023796606138417,1.0000000000000002,0.8015681876605243,1043.9788755262978,0.0,0,0,0,0,0,0,0,0,0,0,0,0,0,0,0,0,0,0,0,0,0,0,0,0,0,1,0
2022-03-22,7132.807891845703,10.019114611147392,0.0720649354733584,63.84697742471602,0.0023796606138417,1.0000000000000002,0.8015681876605243,1043.9788755262978,5306.882757749213,0,0,0,0,0,0,0,0,0,0,0,0,1,0,0,0,0,0,0,0,0,0,0,0,0,0,0
2022-03-22,2493.928924560547,10.019114611147392,0.0720649354733584,63.84697742471602,0.0023796606138417,1.0000000000000002,0.8015681876605243,1043.9788755262978,0.0,0,0,0,0,0,0,0,0,0,0,0,0,0,0,0,0,0,0,0,0,0,0,0,0,1,0,0
2022-03-22,4957.688690185547,10.019114611147392,0.0720649354733584,63.84697742471602,0.0023796606138417,1.0000000000000002,0.8015681876605243,1043.9788755262978,4076.536638470625,0,0,0,0,0,0,0,0,0,0,0,0,0,1,0,0,0,0,0,0,0,0,0,0,0,0,0
2022-03-22,1837.2507629394531,10.019114611147392,0.0720649354733584,63.84697742471602,0.0023796606138417,1.0000000000000002,0.8015681876605243,1043.9788755262978,0.0,0,0,0,0,0,0,0,0,0,0,0,0,0,0,0,0,0,0,0,0,0,0,0,1,0,0,0
2022-03-22,1360.0532836914062,10.019114611147392,0.0720649354733584,63.84697742471602,0.0023796606138417,1.0000000000000002,0.8015681876605243,1043.9788755262978,43.19435854920837,0,0,0,0,0,0,0,0,0,0,0,0,0,0,1,0,0,0,0,0,0,0,0,0,0,0,0
2022-03-22,1780.776611328125,10.019114611147392,0.0720649354733584,63.84697742471602,0.0023796606138417,1.0000000000000002,0.8015681876605243,1043.9788755262978,0.0,0,0,0,0,0,0,0,0,0,0,0,0,0,0,0,0,0,0,1,0,0,0,0,0,0,0,0
2022-03-22,14115.690979003906,10.019114611147392,0.0720649354733584,63.84697742471602,0.0023796606138417,1.0000000000000002,0.8015681876605243,1043.9788755262978,17842.510927653395,0,0,0,0,0,0,0,0,0,0,0,0,0,0,0,0,0,0,0,0,0,0,0,0,0,0,1
2022-03-22,1499.7362670898438,10.019114611147392,0.0720649354733584,63.84697742471602,0.0023796606138417,1.0000000000000002,0.8015681876605243,1043.9788755262978,0.0,0,0,0,0,0,0,0,0,0,0,0,0,0,0,0,0,0,0,0,1,0,0,0,0,0,0,0
2022-03-22,1795.068603515625,10.019114611147392,0.0720649354733584,63.84697742471602,0.0023796606138417,1.0000000000000002,0.8015681876605243,1043.9788755262978,185.81989681467468,0,1,0,0,0,0,0,0,0,0,0,0,0,0,0,0,0,0,0,0,0,0,0,0,0,0,0
2022-03-22,1700.4077453613281,10.019114611147392,0.0720649354733584,63.84697742471602,0.0023796606138417,1.0000000000000002,0.8015681876605243,1043.9788755262978,226.34234301956656,0,0,0,0,0,0,0,0,0,1,0,0,0,0,0,0,0,0,0,0,0,0,0,0,0,0,0
2022-03-29,546347.8735351562,13.0137010773128,3.753869446751552,63.44184214565963,0.0,1.0000000000000002,0.8084271660322511,1052.8425916723356,541985.4441777377,0,0,0,0,0,0,0,0,1,0,0,0,0,0,0,0,0,0,0,0,0,0,0,0,0,0,0
2022-03-29,76585.19775390625,13.0137010773128,3.753869446751552,63.44184214565963,0.0,1.0000000000000002,0.8084271660322511,1052.8425916723356,56902.14415975321,0,0,0,0,0,0,0,0,0,0,0,0,0,0,0,1,0,0,0,0,0,0,0,0,0,0,0
2022-03-29,51641.971771240234,13.0137010773128,3.753869446751552,63.44184214565963,0.0,1.0000000000000002,0.8084271660322511,1052.8425916723356,35121.897550313726,0,0,0,0,0,0,0,0,0,0,0,0,0,0,0,0,0,0,0,0,1,0,0,0,0,0,0
2022-03-29,73224.08316040039,13.0137010773128,3.753869446751552,63.44184214565963,0.0,1.0000000000000002,0.8084271660322511,1052.8425916723356,78920.92865808799,0,0,0,0,0,0,0,0,0,0,0,0,0,0,0,0,0,0,0,0,0,0,1,0,0,0,0
2022-03-29,19139.57144165039,13.0137010773128,3.753869446751552,63.44184214565963,0.0,1.0000000000000002,0.8084271660322511,1052.8425916723356,17869.813676583806,0,0,1,0,0,0,0,0,0,0,0,0,0,0,0,0,0,0,0,0,0,0,0,0,0,0,0
2022-03-29,281236.3471374512,13.0137010773128,3.753869446751552,63.44184214565963,0.0,1.0000000000000002,0.8084271660322511,1052.8425916723356,295275.5002039642,0,0,0,1,0,0,0,0,0,0,0,0,0,0,0,0,0,0,0,0,0,0,0,0,0,0,0
2022-03-29,48820.981842041016,13.0137010773128,3.753869446751552,63.44184214565963,0.0,1.0000000000000002,0.8084271660322511,1052.8425916723356,50035.1501092978,0,0,0,0,1,0,0,0,0,0,0,0,0,0,0,0,0,0,0,0,0,0,0,0,0,0,0
2022-03-29,153957.60693359375,13.0137010773128,3.753869446751552,63.44184214565963,0.0,1.0000000000000002,0.8084271660322511,1052.8425916723356,181210.22259551488,0,0,0,0,0,1,0,0,0,0,0,0,0,0,0,0,0,0,0,0,0,0,0,0,0,0,0
2022-03-29,10508.513000488281,13.0137010773128,3.753869446751552,63.44184214565963,0.0,1.0000000000000002,0.8084271660322511,1052.8425916723356,9971.887900089112,0,0,0,0,0,0,1,0,0,0,0,0,0,0,0,0,0,0,0,0,0,0,0,0,0,0,0
2022-03-29,2491.495330810547,13.0137010773128,3.753869446751552,63.44184214565963,0.0,1.0000000000000002,0.8084271660322511,1052.8425916723356,0.0,0,0,0,0,0,0,0,1,0,0,0,0,0,0,0,0,0,0,0,0,0,0,0,0,0,0,0
2022-03-29,219387.26022338867,13.0137010773128,3.753869446751552,63.44184214565963,0.0,1.0000000000000002,0.8084271660322511,1052.8425916723356,217900.9593472053,0,0,0,0,0,0,0,0,0,0,1,0,0,0,0,0,0,0,0,0,0,0,0,0,0,0,0
2022-03-29,45592.92349243164,13.0137010773128,3.753869446751552,63.44184214565963,0.0,1.0000000000000002,0.8084271660322511,1052.8425916723356,49931.5083343117,0,0,0,0,0,0,0,0,0,0,0,0,0,0,0,0,0,1,0,0,0,0,0,0,0,0,0
2022-03-29,13709.550415039062,13.0137010773128,3.753869446751552,63.44184214565963,0.0,1.0000000000000002,0.8084271660322511,1052.8425916723356,12898.68047665357,0,0,0,0,0,0,0,0,0,0,0,0,0,0,0,0,0,0,0,0,0,1,0,0,0,0,0
2022-03-29,11110.910247802734,13.0137010773128,3.753869446751552,63.44184214565963,0.0,1.0000000000000002,0.8084271660322511,1052.8425916723356,7738.416782710541,1,0,0,0,0,0,0,0,0,0,0,0,0,0,0,0,0,0,0,0,0,0,0,0,0,0,0
2022-03-29,17006.690368652344,13.0137010773128,3.753869446751552,63.44184214565963,0.0,1.0000000000000002,0.8084271660322511,1052.8425916723356,15325.029038707904,0,0,0,0,0,0,0,0,0,0,0,1,0,0,0,0,0,0,0,0,0,0,0,0,0,0,0
2022-03-29,16581.402618408203,13.0137010773128,3.753869446751552,63.44184214565963,0.0,1.0000000000000002,0.8084271660322511,1052.8425916723356,6866.39523664366,0,0,0,0,0,0,0,0,0,0,0,0,0,0,0,0,1,0,0,0,0,0,0,0,0,0,0
2022-03-29,2685.750274658203,13.0137010773128,3.753869446751552,63.44184214565963,0.0,1.0000000000000002,0.8084271660322511,1052.8425916723356,0.0,0,0,0,0,0,0,0,0,0,0,0,0,0,0,0,0,0,0,0,0,0,0,0,0,0,1,0
2022-03-29,7480.347961425781,13.0137010773128,3.753869446751552,63.44184214565963,0.0,1.0000000000000002,0.8084271660322511,1052.8425916723356,5422.5717182890285,0,0,0,0,0,0,0,0,0,0,0,0,1,0,0,0,0,0,0,0,0,0,0,0,0,0,0
2022-03-29,2760.093475341797,13.0137010773128,3.753869446751552,63.44184214565963,0.0,1.0000000000000002,0.8084271660322511,1052.8425916723356,0.0,0,0,0,0,0,0,0,0,0,0,0,0,0,0,0,0,0,0,0,0,0,0,0,0,1,0,0
2022-03-29,2416.5870056152344,13.0137010773128,3.753869446751552,63.44184214565963,0.0,1.0000000000000002,0.8084271660322511,1052.8425916723356,85.53663935014649,0,0,0,0,0,0,0,0,0,0,0,0,0,1,0,0,0,0,0,0,0,0,0,0,0,0,0
2022-03-29,4513.423370361328,13.0137010773128,3.753869446751552,63.44184214565963,0.0,1.0000000000000002,0.8084271660322511,1052.8425916723356,3426.230890350026,0,0,0,0,0,0,0,0,0,0,0,0,0,0,0,0,0,0,0,0,0,0,0,1,0,0,0
2022-03-29,3083.029052734375,13.0137010773128,3.753869446751552,63.44184214565963,0.0,1.0000000000000002,0.8084271660322511,1052.8425916723356,2114.295974195338,0,0,0,0,0,0,0,0,0,0,0,0,0,0,1,0,0,0,0,0,0,0,0,0,0,0,0
2022-03-29,7497.963287353516,13.0137010773128,3.753869446751552,63.44184214565963,0.0,1.0000000000000002,0.8084271660322511,1052.8425916723356,7749.542678524346,0,0,0,0,0,0,0,0,0,0,0,0,0,0,0,0,0,0,1,0,0,0,0,0,0,0,0
2022-03-29,1847.2843627929688,13.0137010773128,3.753869446751552,63.44184214565963,0.0,1.0000000000000002,0.8084271660322511,1052.8425916723356,22.51467355835632,0,0,0,0,0,0,0,0,0,0,0,0,0,0,0,0,0,0,0,0,0,0,0,0,0,0,1
2022-03-29,1765.9008178710938,13.0137010773128,3.753869446751552,63.44184214565963,0.0,1.0000000000000002,0.8084271660322511,1052.8425916723356,0.0,0,0,0,0,0,0,0,0,0,0,0,0,0,0,0,0,0,0,0,1,0,0,0,0,0,0,0
2022-03-29,2059.8831787109375,13.0137010773128,3.753869446751552,63.44184214565963,0.0,1.0000000000000002,0.8084271660322511,1052.8425916723356,183.9007059554776,0,1,0,0,0,0,0,0,0,0,0,0,0,0,0,0,0,0,0,0,0,0,0,0,0,0,0
2022-03-29,1966.3965148925781,13.0137010773128,3.753869446751552,63.44184214565963,0.0,1.0000000000000002,0.8084271660322511,1052.8425916723356,226.0924561596166,0,0,0,0,0,0,0,0,0,1,0,0,0,0,0,0,0,0,0,0,0,0,0,0,0,0,0
