월(Monthly),LEVEL1,LEVEL2,LEVEL3,값,증감,증감율,구성비,누계,누계구성비
2020-06,동수별,합계,합계,17550,17550,17550,0,0,0
2020-06,동수별,구조별,철근및철골조,15832,15832,15832,0,0,0
2020-06,동수별,구조별,조적조,303,303,303,0,0,0
2020-06,동수별,구조별,목조,977,977,977,0,0,0
2020-06,동수별,구조별,기타,438,438,438,0,0,0
2020-06,동수별,용도별,주거용,6514,6514,6514,0,0,0
2020-06,동수별,용도별,상업용,4552,4552,4552,0,0,0
2020-06,동수별,용도별,공업용,1215,1215,1215,0,0,0
2020-06,동수별,용도별,교육및사회,574,574,574,0,0,0
2020-06,동수별,용도별,기타,4695,4695,4695,0,0,0
2020-06,연면적별,합계,합계,10378334,10378334,10378334,0,0,0
2020-06,연면적별,구조별,철근및철골조,10243587,10243587,10243587,0,0,0
2020-06,연면적별,구조별,조적조,11684,11684,11684,0,0,0
2020-06,연면적별,구조별,목조,84403,84403,84403,0,0,0
2020-06,연면적별,구조별,기타,38660,38660,38660,0,0,0
2020-06,연면적별,용도별,주거용,3542850,3542850,3542850,0,0,0
2020-06,연면적별,용도별,상업용,2764685,2764685,2764685,0,0,0
2020-06,연면적별,용도별,공업용,1104429,1104429,1104429,0,0,0
2020-06,연면적별,용도별,교육및사회,512031,512031,512031,0,0,0
2020-06,연면적별,용도별,기타,2454339,2454339,2454339,0,0,0
2020-07,동수별,합계,합계,15921,15921,15921,0,0,0
2020-07,동수별,구조별,철근및철골조,14525,14525,14525,0,0,0
2020-07,동수별,구조별,조적조,312,312,312,0,0,0
2020-07,동수별,구조별,목조,776,776,776,0,0,0
2020-07,동수별,구조별,기타,308,308,308,0,0,0
2020-07,동수별,용도별,주거용,5714,5714,5714,0,0,0
2020-07,동수별,용도별,상업용,4134,4134,4134,0,0,0
2020-07,동수별,용도별,공업용,1188,1188,1188,0,0,0
2020-07,동수별,용도별,교육및사회,501,501,501,0,0,0
2020-07,동수별,용도별,기타,4384,4384,4384,0,0,0
2020-07,연면적별,합계,합계,10742804,10742804,10742804,0,0,0
2020-07,연면적별,구조별,철근및철골조,10647509,10647509,10647509,0,0,0
2020-07,연면적별,구조별,조적조,11376,11376,11376,0,0,0
2020-07,연면적별,구조별,목조,68959,68959,68959,0,0,0
2020-07,연면적별,구조별,기타,14960,14960,14960,0,0,0
2020-07,연면적별,용도별,주거용,3887264,3887264,3887264,0,0,0
2020-07,연면적별,용도별,상업용,2281864,2281864,2281864,0,0,0
2020-07,연면적별,용도별,공업용,1428120,1428120,1428120,0,0,0
2020-07,연면적별,용도별,교육및사회,530913,530913,530913,0,0,0
2020-07,연면적별,용도별,기타,2614643,2614643,2614643,0,0,0
2020-08,동수별,합계,합계,13575,13575,13575,0,0,0
2020-08,동수별,구조별,철근및철골조,12271,12271,12271,0,0,0
2020-08,동수별,구조별,조적조,250,250,250,0,0,0
2020-08,동수별,구조별,목조,724,724,724,0,0,0
2020-08,동수별,구조별,기타,330,330,330,0,0,0
2020-08,동수별,용도별,주거용,5158,5158,5158,0,0,0
2020-08,동수별,용도별,상업용,3422,3422,3422,0,0,0
2020-08,동수별,용도별,공업용,1277,1277,1277,0,0,0
2020-08,동수별,용도별,교육및사회,437,437,437,0,0,0
2020-08,동수별,용도별,기타,3281,3281,3281,0,0,0
2020-08,연면적별,합계,합계,8672910,8672910,8672910,0,0,0
2020-08,연면적별,구조별,철근및철골조,8590643,8590643,8590643,0,0,0
2020-08,연면적별,구조별,조적조,4943,4943,4943,0,0,0
2020-08,연면적별,구조별,목조,64840,64840,64840,0,0,0
2020-08,연면적별,구조별,기타,12484,12484,12484,0,0,0
2020-08,연면적별,용도별,주거용,2726009,2726009,2726009,0,0,0
2020-08,연면적별,용도별,상업용,1928606,1928606,1928606,0,0,0
2020-08,연면적별,용도별,공업용,1420360,1420360,1420360,0,0,0
2020-08,연면적별,용도별,교육및사회,363219,363219,363219,0,0,0
2020-08,연면적별,용도별,기타,2234716,2234716,2234716,0,0,0
2020-09,동수별,합계,합계,16906,16906,16906,0,0,0
2020-09,동수별,구조별,철근및철골조,15173,15173,15173,0,0,0
2020-09,동수별,구조별,조적조,368,368,368,0,0,0
2020-09,동수별,구조별,목조,1005,1005,1005,0,0,0
2020-09,동수별,구조별,기타,360,360,360,0,0,0
2020-09,동수별,용도별,주거용,6221,6221,6221,0,0,0
2020-09,동수별,용도별,상업용,4583,4583,4583,0,0,0
2020-09,동수별,용도별,공업용,1364,1364,1364,0,0,0
2020-09,동수별,용도별,교육및사회,478,478,478,0,0,0
2020-09,동수별,용도별,기타,4260,4260,4260,0,0,0
2020-09,연면적별,합계,합계,10904098,10904098,10904098,0,0,0
2020-09,연면적별,구조별,철근및철골조,10760779,10760779,10760779,0,0,0
2020-09,연면적별,구조별,조적조,15094,15094,15094,0,0,0
2020-09,연면적별,구조별,목조,101764,101764,101764,0,0,0
2020-09,연면적별,구조별,기타,26461,26461,26461,0,0,0
2020-09,연면적별,용도별,주거용,3743799,3743799,3743799,0,0,0
2020-09,연면적별,용도별,상업용,2888521,2888521,2888521,0,0,0
2020-09,연면적별,용도별,공업용,1277785,1277785,1277785,0,0,0
2020-09,연면적별,용도별,교육및사회,527123,527123,527123,0,0,0
2020-09,연면적별,용도별,기타,2466870,2466870,2466870,0,0,0
2020-10,동수별,합계,합계,16080,16080,16080,0,0,0
2020-10,동수별,구조별,철근및철골조,14513,14513,14513,0,0,0
2020-10,동수별,구조별,조적조,344,344,344,0,0,0
2020-10,동수별,구조별,목조,908,908,908,0,0,0
2020-10,동수별,구조별,기타,315,315,315,0,0,0
2020-10,동수별,용도별,주거용,6004,6004,6004,0,0,0
2020-10,동수별,용도별,상업용,4295,4295,4295,0,0,0
2020-10,동수별,용도별,공업용,1201,1201,1201,0,0,0
2020-10,동수별,용도별,교육및사회,531,531,531,0,0,0
2020-10,동수별,용도별,기타,4049,4049,4049,0,0,0
2020-10,연면적별,합계,합계,9320325,9320325,9320325,0,0,0
2020-10,연면적별,구조별,철근및철골조,9178907,9178907,9178907,0,0,0
2020-10,연면적별,구조별,조적조,16487,16487,16487,0,0,0
2020-10,연면적별,구조별,목조,85803,85803,85803,0,0,0
2020-10,연면적별,구조별,기타,39128,39128,39128,0,0,0
2020-10,연면적별,용도별,주거용,3279774,3279774,3279774,0,0,0
2020-10,연면적별,용도별,상업용,2402944,2402944,2402944,0,0,0
2020-10,연면적별,용도별,공업용,1250233,1250233,1250233,0,0,0
2020-10,연면적별,용도별,교육및사회,459896,459896,459896,0,0,0
2020-10,연면적별,용도별,기타,1927478,1927478,1927478,0,0,0
2020-11,동수별,합계,합계,16709,16709,16709,0,0,0
2020-11,동수별,구조별,철근및철골조,14979,14979,14979,0,0,0
2020-11,동수별,구조별,조적조,309,309,309,0,0,0
2020-11,동수별,구조별,목조,1040,1040,1040,0,0,0
2020-11,동수별,구조별,기타,381,381,381,0,0,0
2020-11,동수별,용도별,주거용,6010,6010,6010,0,0,0
2020-11,동수별,용도별,상업용,4541,4541,4541,0,0,0
2020-11,동수별,용도별,공업용,1315,1315,1315,0,0,0
2020-11,동수별,용도별,교육및사회,501,501,501,0,0,0
2020-11,동수별,용도별,기타,4342,4342,4342,0,0,0
2020-11,연면적별,합계,합계,12431860,12431860,12431860,0,0,0
2020-11,연면적별,구조별,철근및철골조,12299768,12299768,12299768,0,0,0
2020-11,연면적별,구조별,조적조,12485,12485,12485,0,0,0
2020-11,연면적별,구조별,목조,93084,93084,93084,0,0,0
2020-11,연면적별,구조별,기타,26523,26523,26523,0,0,0
2020-11,연면적별,용도별,주거용,3814695,3814695,3814695,0,0,0
2020-11,연면적별,용도별,상업용,3383591,3383591,3383591,0,0,0
2020-11,연면적별,용도별,공업용,1715891,1715891,1715891,0,0,0
2020-11,연면적별,용도별,교육및사회,915248,915248,915248,0,0,0
2020-11,연면적별,용도별,기타,2602435,2602435,2602435,0,0,0
2020-12,동수별,합계,합계,14802,14802,14802,0,0,0
2020-12,동수별,구조별,철근및철골조,13315,13315,13315,0,0,0
2020-12,동수별,구조별,조적조,263,263,263,0,0,0
2020-12,동수별,구조별,목조,862,862,862,0,0,0
2020-12,동수별,구조별,기타,362,362,362,0,0,0
2020-12,동수별,용도별,주거용,5419,5419,5419,0,0,0
2020-12,동수별,용도별,상업용,4057,4057,4057,0,0,0
2020-12,동수별,용도별,공업용,1188,1188,1188,0,0,0
2020-12,동수별,용도별,교육및사회,583,583,583,0,0,0
2020-12,동수별,용도별,기타,3555,3555,3555,0,0,0
2020-12,연면적별,합계,합계,13063740,13063740,13063740,0,0,0
2020-12,연면적별,구조별,철근및철골조,12842483,12842483,12842483,0,0,0
2020-12,연면적별,구조별,조적조,12602,12602,12602,0,0,0
2020-12,연면적별,구조별,목조,78201,78201,78201,0,0,0
2020-12,연면적별,구조별,기타,130454,130454,130454,0,0,0
2020-12,연면적별,용도별,주거용,5071607,5071607,5071607,0,0,0
2020-12,연면적별,용도별,상업용,2799017,2799017,2799017,0,0,0
2020-12,연면적별,용도별,공업용,1556870,1556870,1556870,0,0,0
2020-12,연면적별,용도별,교육및사회,550184,550184,550184,0,0,0
2020-12,연면적별,용도별,기타,3086062,3086062,3086062,0,0,0
2021-01,동수별,합계,합계,10307,10307,10307,0,0,0
2021-01,동수별,구조별,철근및철골조,9363,9363,9363,0,0,0
2021-01,동수별,구조별,조적조,166,166,166,0,0,0
2021-01,동수별,구조별,목조,549,549,549,0,0,0
2021-01,동수별,구조별,기타,229,229,229,0,0,0
2021-01,동수별,용도별,주거용,3430,3430,3430,0,0,0
2021-01,동수별,용도별,상업용,2835,2835,2835,0,0,0
2021-01,동수별,용도별,공업용,805,805,805,0,0,0
2021-01,동수별,용도별,교육및사회,434,434,434,0,0,0
2021-01,동수별,용도별,기타,2803,2803,2803,0,0,0
2021-01,연면적별,합계,합계,7640798,7640798,7640798,0,0,0
2021-01,연면적별,구조별,철근및철골조,7562192,7562192,7562192,0,0,0
2021-01,연면적별,구조별,조적조,8786,8786,8786,0,0,0
2021-01,연면적별,구조별,목조,47444,47444,47444,0,0,0
2021-01,연면적별,구조별,기타,22376,22376,22376,0,0,0
2021-01,연면적별,용도별,주거용,2896893,2896893,2896893,0,0,0
2021-01,연면적별,용도별,상업용,1875366,1875366,1875366,0,0,0
2021-01,연면적별,용도별,공업용,977904,977904,977904,0,0,0
2021-01,연면적별,용도별,교육및사회,359106,359106,359106,0,0,0
2021-01,연면적별,용도별,기타,1531529,1531529,1531529,0,0,0
2021-02,동수별,합계,합계,11173,11173,11173,0,0,0
2021-02,동수별,구조별,철근및철골조,10137,10137,10137,0,0,0
2021-02,동수별,구조별,조적조,155,155,155,0,0,0
2021-02,동수별,구조별,목조,679,679,679,0,0,0
2021-02,동수별,구조별,기타,202,202,202,0,0,0
2021-02,동수별,용도별,주거용,4021,4021,4021,0,0,0
2021-02,동수별,용도별,상업용,3184,3184,3184,0,0,0
2021-02,동수별,용도별,공업용,911,911,911,0,0,0
2021-02,동수별,용도별,교육및사회,287,287,287,0,0,0
2021-02,동수별,용도별,기타,2770,2770,2770,0,0,0
2021-02,연면적별,합계,합계,10281640,10281640,10281640,0,0,0
2021-02,연면적별,구조별,철근및철골조,10170032,10170032,10170032,0,0,0
2021-02,연면적별,구조별,조적조,8577,8577,8577,0,0,0
2021-02,연면적별,구조별,목조,66864,66864,66864,0,0,0
2021-02,연면적별,구조별,기타,36167,36167,36167,0,0,0
2021-02,연면적별,용도별,주거용,3846089,3846089,3846089,0,0,0
2021-02,연면적별,용도별,상업용,2199042,2199042,2199042,0,0,0
2021-02,연면적별,용도별,공업용,915240,915240,915240,0,0,0
2021-02,연면적별,용도별,교육및사회,494892,494892,494892,0,0,0
2021-02,연면적별,용도별,기타,2826377,2826377,2826377,0,0,0
2021-03,동수별,합계,합계,19076,19076,19076,0,0,0
2021-03,동수별,구조별,철근및철골조,17270,17270,17270,0,0,0
2021-03,동수별,구조별,조적조,268,268,268,0,0,0
2021-03,동수별,구조별,목조,1104,1104,1104,0,0,0
2021-03,동수별,구조별,기타,434,434,434,0,0,0
2021-03,동수별,용도별,주거용,7482,7482,7482,0,0,0
2021-03,동수별,용도별,상업용,5235,5235,5235,0,0,0
2021-03,동수별,용도별,공업용,1401,1401,1401,0,0,0
2021-03,동수별,용도별,교육및사회,582,582,582,0,0,0
2021-03,동수별,용도별,기타,4376,4376,4376,0,0,0
2021-03,연면적별,합계,합계,13154816,13154816,13154816,0,0,0
2021-03,연면적별,구조별,철근및철골조,12983029,12983029,12983029,0,0,0
2021-03,연면적별,구조별,조적조,13499,13499,13499,0,0,0
2021-03,연면적별,구조별,목조,100586,100586,100586,0,0,0
2021-03,연면적별,구조별,기타,57702,57702,57702,0,0,0
2021-03,연면적별,용도별,주거용,4589718,4589718,4589718,0,0,0
2021-03,연면적별,용도별,상업용,2994861,2994861,2994861,0,0,0
2021-03,연면적별,용도별,공업용,1636264,1636264,1636264,0,0,0
2021-03,연면적별,용도별,교육및사회,666586,666586,666586,0,0,0
2021-03,연면적별,용도별,기타,3267387,3267387,3267387,0,0,0
2021-04,동수별,합계,합계,19675,19675,19675,0,0,0
2021-04,동수별,구조별,철근및철골조,17715,17715,17715,0,0,0
2021-04,동수별,구조별,조적조,335,335,335,0,0,0
2021-04,동수별,구조별,목조,1180,1180,1180,0,0,0
2021-04,동수별,구조별,기타,445,445,445,0,0,0
2021-04,동수별,용도별,주거용,7970,7970,7970,0,0,0
2021-04,동수별,용도별,상업용,5480,5480,5480,0,0,0
2021-04,동수별,용도별,공업용,1417,1417,1417,0,0,0
2021-04,동수별,용도별,교육및사회,559,559,559,0,0,0
2021-04,동수별,용도별,기타,4249,4249,4249,0,0,0
2021-04,연면적별,합계,합계,12006327,12006327,12006327,0,0,0
2021-04,연면적별,구조별,철근및철골조,11749814,11749814,11749814,0,0,0
2021-04,연면적별,구조별,조적조,15492,15492,15492,0,0,0
2021-04,연면적별,구조별,목조,116254,116254,116254,0,0,0
2021-04,연면적별,구조별,기타,124767,124767,124767,0,0,0
2021-04,연면적별,용도별,주거용,4109848,4109848,4109848,0,0,0
2021-04,연면적별,용도별,상업용,3041412,3041412,3041412,0,0,0
2021-04,연면적별,용도별,공업용,1699202,1699202,1699202,0,0,0
2021-04,연면적별,용도별,교육및사회,578033,578033,578033,0,0,0
2021-04,연면적별,용도별,기타,2577832,2577832,2577832,0,0,0
2021-07,동수별,합계,합계,15952,15952,15952,0,0,0
2021-07,동수별,구조별,철근및철골조,14421,14421,14421,0,0,0
2021-07,동수별,구조별,조적조,282,282,282,0,0,0
2021-07,동수별,구조별,목조,912,912,912,0,0,0
2021-07,동수별,구조별,기타,337,337,337,0,0,0
2021-07,동수별,용도별,주거용,6470,6470,6470,0,0,0
2021-07,동수별,용도별,상업용,4793,4793,4793,0,0,0
2021-07,동수별,용도별,공업용,1126,1126,1126,0,0,0
2021-07,동수별,용도별,교육및사회,526,526,526,0,0,0
2021-07,동수별,용도별,기타,3037,3037,3037,0,0,0
2021-07,연면적별,합계,합계,10615761,10615761,10615761,0,0,0
2021-07,연면적별,구조별,철근및철골조,10498293,10498293,10498293,0,0,0
2021-07,연면적별,구조별,조적조,12057,12057,12057,0,0,0
2021-07,연면적별,구조별,목조,90442,90442,90442,0,0,0
2021-07,연면적별,구조별,기타,14969,14969,14969,0,0,0
2021-07,연면적별,용도별,주거용,3511341,3511341,3511341,0,0,0
2021-07,연면적별,용도별,상업용,3151322,3151322,3151322,0,0,0
2021-07,연면적별,용도별,공업용,1225227,1225227,1225227,0,0,0
2021-07,연면적별,용도별,교육및사회,658470,658470,658470,0,0,0
2021-07,연면적별,용도별,기타,2069401,2069401,2069401,0,0,0
2021-08,동수별,합계,합계,14338,14338,14338,0,0,0
2021-08,동수별,구조별,철근및철골조,12942,12942,12942,0,0,0
2021-08,동수별,구조별,조적조,255,255,255,0,0,0
2021-08,동수별,구조별,목조,873,873,873,0,0,0
2021-08,동수별,구조별,기타,268,268,268,0,0,0
2021-08,동수별,용도별,주거용,5871,5871,5871,0,0,0
2021-08,동수별,용도별,상업용,4299,4299,4299,0,0,0
2021-08,동수별,용도별,공업용,1138,1138,1138,0,0,0
2021-08,동수별,용도별,교육및사회,435,435,435,0,0,0
2021-08,동수별,용도별,기타,2595,2595,2595,0,0,0
2021-08,연면적별,합계,합계,9072363,9072363,9072363,0,0,0
2021-08,연면적별,구조별,철근및철골조,8961371,8961371,8961371,0,0,0
2021-08,연면적별,구조별,조적조,12640,12640,12640,0,0,0
2021-08,연면적별,구조별,목조,85588,85588,85588,0,0,0
2021-08,연면적별,구조별,기타,12764,12764,12764,0,0,0
2021-08,연면적별,용도별,주거용,3192223,3192223,3192223,0,0,0
2021-08,연면적별,용도별,상업용,2882205,2882205,2882205,0,0,0
2021-08,연면적별,용도별,공업용,859425,859425,859425,0,0,0
2021-08,연면적별,용도별,교육및사회,475405,475405,475405,0,0,0
2021-08,연면적별,용도별,기타,1663105,1663105,1663105,0,0,0
2021-09,동수별,합계,합계,14114,14114,14114,0,0,0
2021-09,동수별,구조별,철근및철골조,12728,12728,12728,0,0,0
2021-09,동수별,구조별,조적조,229,229,229,0,0,0
2021-09,동수별,구조별,목조,886,886,886,0,0,0
2021-09,동수별,구조별,기타,271,271,271,0,0,0
2021-09,동수별,용도별,주거용,5734,5734,5734,0,0,0
2021-09,동수별,용도별,상업용,4285,4285,4285,0,0,0
2021-09,동수별,용도별,공업용,995,995,995,0,0,0
2021-09,동수별,용도별,교육및사회,384,384,384,0,0,0
2021-09,동수별,용도별,기타,2716,2716,2716,0,0,0
2021-09,연면적별,합계,합계,11496673,11496673,11496673,0,0,0
2021-09,연면적별,구조별,철근및철골조,11386409,11386409,11386409,0,0,0
2021-09,연면적별,구조별,조적조,11951,11951,11951,0,0,0
2021-09,연면적별,구조별,목조,87690,87690,87690,0,0,0
2021-09,연면적별,구조별,기타,10623,10623,10623,0,0,0
2021-09,연면적별,용도별,주거용,4348635,4348635,4348635,0,0,0
2021-09,연면적별,용도별,상업용,3134789,3134789,3134789,0,0,0
2021-09,연면적별,용도별,공업용,1163764,1163764,1163764,0,0,0
2021-09,연면적별,용도별,교육및사회,401356,401356,401356,0,0,0
2021-09,연면적별,용도별,기타,2448129,2448129,2448129,0,0,0
2021-05,동수별,합계,합계,17262,17262,17262,0,0,0
2021-05,동수별,구조별,철근및철골조,15713,15713,15713,0,0,0
2021-05,동수별,구조별,조적조,287,287,287,0,0,0
2021-05,동수별,구조별,목조,934,934,934,0,0,0
2021-05,동수별,구조별,기타,328,328,328,0,0,0
2021-05,동수별,용도별,주거용,7047,7047,7047,0,0,0
2021-05,동수별,용도별,상업용,5089,5089,5089,0,0,0
2021-05,동수별,용도별,공업용,1249,1249,1249,0,0,0
2021-05,동수별,용도별,교육및사회,450,450,450,0,0,0
2021-05,동수별,용도별,기타,3427,3427,3427,0,0,0
2021-05,연면적별,합계,합계,12571458,12571458,12571458,0,0,0
2021-05,연면적별,구조별,철근및철골조,12402766,12402766,12402766,0,0,0
2021-05,연면적별,구조별,조적조,15175,15175,15175,0,0,0
2021-05,연면적별,구조별,목조,84741,84741,84741,0,0,0
2021-05,연면적별,구조별,기타,68776,68776,68776,0,0,0
2021-05,연면적별,용도별,주거용,3239832,3239832,3239832,0,0,0
2021-05,연면적별,용도별,상업용,4789394,4789394,4789394,0,0,0
2021-05,연면적별,용도별,공업용,1326080,1326080,1326080,0,0,0
2021-05,연면적별,용도별,교육및사회,985239,985239,985239,0,0,0
2021-05,연면적별,용도별,기타,2230913,2230913,2230913,0,0,0
2021-10,동수별,합계,합계,15622,15622,15622,0,0,0
2021-10,동수별,구조별,철근및철골조,14171,14171,14171,0,0,0
2021-10,동수별,구조별,조적조,232,232,232,0,0,0
2021-10,동수별,구조별,목조,936,936,936,0,0,0
2021-10,동수별,구조별,기타,283,283,283,0,0,0
2021-10,동수별,용도별,주거용,6315,6315,6315,0,0,0
2021-10,동수별,용도별,상업용,4898,4898,4898,0,0,0
2021-10,동수별,용도별,공업용,1190,1190,1190,0,0,0
2021-10,동수별,용도별,교육및사회,594,594,594,0,0,0
2021-10,동수별,용도별,기타,2625,2625,2625,0,0,0
2021-10,연면적별,합계,합계,11721240,11721240,11721240,0,0,0
2021-10,연면적별,구조별,철근및철골조,11607244,11607244,11607244,0,0,0
2021-10,연면적별,구조별,조적조,10802,10802,10802,0,0,0
2021-10,연면적별,구조별,목조,89368,89368,89368,0,0,0
2021-10,연면적별,구조별,기타,13826,13826,13826,0,0,0
2021-10,연면적별,용도별,주거용,4316315,4316315,4316315,0,0,0
2021-10,연면적별,용도별,상업용,3006075,3006075,3006075,0,0,0
2021-10,연면적별,용도별,공업용,1834724,1834724,1834724,0,0,0
2021-10,연면적별,용도별,교육및사회,643421,643421,643421,0,0,0
2021-10,연면적별,용도별,기타,1920705,1920705,1920705,0,0,0
2021-11,동수별,합계,합계,16611,16611,16611,0,0,0
2021-11,동수별,구조별,철근및철골조,14951,14951,14951,0,0,0
2021-11,동수별,구조별,조적조,268,268,268,0,0,0
2021-11,동수별,구조별,목조,1039,1039,1039,0,0,0
2021-11,동수별,구조별,기타,353,353,353,0,0,0
2021-11,동수별,용도별,주거용,6247,6247,6247,0,0,0
2021-11,동수별,용도별,상업용,5183,5183,5183,0,0,0
2021-11,동수별,용도별,공업용,1423,1423,1423,0,0,0
2021-11,동수별,용도별,교육및사회,500,500,500,0,0,0
2021-11,동수별,용도별,기타,3258,3258,3258,0,0,0
2021-11,연면적별,합계,합계,11543841,11543841,11543841,0,0,0
2021-11,연면적별,구조별,철근및철골조,11401579,11401579,11401579,0,0,0
2021-11,연면적별,구조별,조적조,13676,13676,13676,0,0,0
2021-11,연면적별,구조별,목조,100251,100251,100251,0,0,0
2021-11,연면적별,구조별,기타,28335,28335,28335,0,0,0
2021-11,연면적별,용도별,주거용,3598611,3598611,3598611,0,0,0
2021-11,연면적별,용도별,상업용,3342337,3342337,3342337,0,0,0
2021-11,연면적별,용도별,공업용,1533741,1533741,1533741,0,0,0
2021-11,연면적별,용도별,교육및사회,630203,630203,630203,0,0,0
2021-11,연면적별,용도별,기타,2438949,2438949,2438949,0,0,0
2021-12,동수별,합계,합계,14797,14797,14797,0,0,0
2021-12,동수별,구조별,철근및철골조,13384,13384,13384,0,0,0
2021-12,동수별,구조별,조적조,217,217,217,0,0,0
2021-12,동수별,구조별,목조,822,822,822,0,0,0
2021-12,동수별,구조별,기타,374,374,374,0,0,0
2021-12,동수별,용도별,주거용,5704,5704,5704,0,0,0
2021-12,동수별,용도별,상업용,4617,4617,4617,0,0,0
2021-12,동수별,용도별,공업용,1189,1189,1189,0,0,0
2021-12,동수별,용도별,교육및사회,437,437,437,0,0,0
2021-12,동수별,용도별,기타,2850,2850,2850,0,0,0
2021-12,연면적별,합계,합계,14224754,14224754,14224754,0,0,0
2021-12,연면적별,구조별,철근및철골조,14122032,14122032,14122032,0,0,0
2021-12,연면적별,구조별,조적조,10689,10689,10689,0,0,0
2021-12,연면적별,구조별,목조,73467,73467,73467,0,0,0
2021-12,연면적별,구조별,기타,18566,18566,18566,0,0,0
2021-12,연면적별,용도별,주거용,5457308,5457308,5457308,0,0,0
2021-12,연면적별,용도별,상업용,3474508,3474508,3474508,0,0,0
2021-12,연면적별,용도별,공업용,1242796,1242796,1242796,0,0,0
2021-12,연면적별,용도별,교육및사회,1044632,1044632,1044632,0,0,0
2021-12,연면적별,용도별,기타,3005510,3005510,3005510,0,0,0
2022-01,동수별,합계,합계,9280,9280,9280,0,0,0
2022-01,동수별,구조별,철근및철골조,8396,8396,8396,0,0,0
2022-01,동수별,구조별,조적조,135,135,135,0,0,0
2022-01,동수별,구조별,목조,517,517,517,0,0,0
2022-01,동수별,구조별,기타,232,232,232,0,0,0
2022-01,동수별,용도별,주거용,3342,3342,3342,0,0,0
2022-01,동수별,용도별,상업용,3100,3100,3100,0,0,0
2022-01,동수별,용도별,공업용,839,839,839,0,0,0
2022-01,동수별,용도별,교육및사회,361,361,361,0,0,0
2022-01,동수별,용도별,기타,1638,1638,1638,0,0,0
2022-01,연면적별,합계,합계,7309396,7309396,7309396,0,0,0
2022-01,연면적별,구조별,철근및철골조,7228772,7228772,7228772,0,0,0
2022-01,연면적별,구조별,조적조,4625,4625,4625,0,0,0
2022-01,연면적별,구조별,목조,55370,55370,55370,0,0,0
2022-01,연면적별,구조별,기타,20629,20629,20629,0,0,0
2022-01,연면적별,용도별,주거용,1699745,1699745,1699745,0,0,0
2022-01,연면적별,용도별,상업용,2422706,2422706,2422706,0,0,0
2022-01,연면적별,용도별,공업용,1013386,1013386,1013386,0,0,0
2022-01,연면적별,용도별,교육및사회,423769,423769,423769,0,0,0
2022-01,연면적별,용도별,기타,1749790,1749790,1749790,0,0,0
2022-02,동수별,합계,합계,9733,9733,9733,0,0,0
2022-02,동수별,구조별,철근및철골조,8910,8910,8910,0,0,0
2022-02,동수별,구조별,조적조,96,96,96,0,0,0
2022-02,동수별,구조별,목조,522,522,522,0,0,0
2022-02,동수별,구조별,기타,205,205,205,0,0,0
2022-02,동수별,용도별,주거용,3813,3813,3813,0,0,0
2022-02,동수별,용도별,상업용,3336,3336,3336,0,0,0
2022-02,동수별,용도별,공업용,669,669,669,0,0,0
2022-02,동수별,용도별,교육및사회,280,280,280,0,0,0
2022-02,동수별,용도별,기타,1635,1635,1635,0,0,0
2022-02,연면적별,합계,합계,7294384,7294384,7294384,0,0,0
2022-02,연면적별,구조별,철근및철골조,7229320,7229320,7229320,0,0,0
2022-02,연면적별,구조별,조적조,6468,6468,6468,0,0,0
2022-02,연면적별,구조별,목조,50206,50206,50206,0,0,0
2022-02,연면적별,구조별,기타,8390,8390,8390,0,0,0
2022-02,연면적별,용도별,주거용,2480321,2480321,2480321,0,0,0
2022-02,연면적별,용도별,상업용,1885971,1885971,1885971,0,0,0
2022-02,연면적별,용도별,공업용,813621,813621,813621,0,0,0
2022-02,연면적별,용도별,교육및사회,534801,534801,534801,0,0,0
2022-02,연면적별,용도별,기타,1579670,1579670,1579670,0,0,0
2021-06,동수별,합계,합계,16914,16914,16914,0,0,0
2021-06,동수별,구조별,철근및철골조,15278,15278,15278,0,0,0
2021-06,동수별,구조별,조적조,304,304,304,0,0,0
2021-06,동수별,구조별,목조,983,983,983,0,0,0
2021-06,동수별,구조별,기타,349,349,349,0,0,0
2021-06,동수별,용도별,주거용,6854,6854,6854,0,0,0
2021-06,동수별,용도별,상업용,5127,5127,5127,0,0,0
2021-06,동수별,용도별,공업용,1341,1341,1341,0,0,0
2021-06,동수별,용도별,교육및사회,431,431,431,0,0,0
2021-06,동수별,용도별,기타,3161,3161,3161,0,0,0
2021-06,연면적별,합계,합계,10969332,10969332,10969332,0,0,0
2021-06,연면적별,구조별,철근및철골조,10840906,10840906,10840906,0,0,0
2021-06,연면적별,구조별,조적조,16823,16823,16823,0,0,0
2021-06,연면적별,구조별,목조,95054,95054,95054,0,0,0
2021-06,연면적별,구조별,기타,16549,16549,16549,0,0,0
2021-06,연면적별,용도별,주거용,3675962,3675962,3675962,0,0,0
2021-06,연면적별,용도별,상업용,3199932,3199932,3199932,0,0,0
2021-06,연면적별,용도별,공업용,1565478,1565478,1565478,0,0,0
2021-06,연면적별,용도별,교육및사회,599303,599303,599303,0,0,0
2021-06,연면적별,용도별,기타,1928657,1928657,1928657,0,0,0
2022-03,동수별,합계,합계,15702,15702,15702,0,0,0
2022-03,동수별,구조별,철근및철골조,14215,14215,14215,0,0,0
2022-03,동수별,구조별,조적조,193,193,193,0,0,0
2022-03,동수별,구조별,목조,973,973,973,0,0,0
2022-03,동수별,구조별,기타,321,321,321,0,0,0
2022-03,동수별,용도별,주거용,6193,6193,6193,0,0,0
2022-03,동수별,용도별,상업용,5266,5266,5266,0,0,0
2022-03,동수별,용도별,공업용,1221,1221,1221,0,0,0
2022-03,동수별,용도별,교육및사회,364,364,364,0,0,0
2022-03,동수별,용도별,기타,2658,2658,2658,0,0,0
2022-03,연면적별,합계,합계,11636412,11636412,11636412,0,0,0
2022-03,연면적별,구조별,철근및철골조,11498814,11498814,11498814,0,0,0
2022-03,연면적별,구조별,조적조,11215,11215,11215,0,0,0
2022-03,연면적별,구조별,목조,101184,101184,101184,0,0,0
2022-03,연면적별,구조별,기타,25199,25199,25199,0,0,0
2022-03,연면적별,용도별,주거용,3369687,3369687,3369687,0,0,0
2022-03,연면적별,용도별,상업용,3499605,3499605,3499605,0,0,0
2022-03,연면적별,용도별,공업용,1530633,1530633,1530633,0,0,0
2022-03,연면적별,용도별,교육및사회,571069,571069,571069,0,0,0
2022-03,연면적별,용도별,기타,2665418,2665418,2665418,0,0,0
2022-04,동수별,합계,합계,16510,16510,16510,0,0,0
2022-04,동수별,구조별,철근및철골조,14864,14864,14864,0,0,0
2022-04,동수별,구조별,조적조,200,200,200,0,0,0
2022-04,동수별,구조별,목조,1066,1066,1066,0,0,0
2022-04,동수별,구조별,기타,380,380,380,0,0,0
2022-04,동수별,용도별,주거용,6787,6787,6787,0,0,0
2022-04,동수별,용도별,상업용,5450,5450,5450,0,0,0
2022-04,동수별,용도별,공업용,1276,1276,1276,0,0,0
2022-04,동수별,용도별,교육및사회,445,445,445,0,0,0
2022-04,동수별,용도별,기타,2552,2552,2552,0,0,0
2022-04,연면적별,합계,합계,11115491,11115491,11115491,0,0,0
2022-04,연면적별,구조별,철근및철골조,10981604,10981604,10981604,0,0,0
2022-04,연면적별,구조별,조적조,9083,9083,9083,0,0,0
2022-04,연면적별,구조별,목조,100332,100332,100332,0,0,0
2022-04,연면적별,구조별,기타,24472,24472,24472,0,0,0
2022-04,연면적별,용도별,주거용,3441280,3441280,3441280,0,0,0
2022-04,연면적별,용도별,상업용,3004354,3004354,3004354,0,0,0
2022-04,연면적별,용도별,공업용,1987981,1987981,1987981,0,0,0
2022-04,연면적별,용도별,교육및사회,538976,538976,538976,0,0,0
2022-04,연면적별,용도별,기타,2142900,2142900,2142900,0,0,0
2022-05,동수별,합계,합계,16419,16419,16419,0,0,0
2022-05,동수별,구조별,철근및철골조,14747,14747,14747,0,0,0
2022-05,동수별,구조별,조적조,237,237,237,0,0,0
2022-05,동수별,구조별,목조,1044,1044,1044,0,0,0
2022-05,동수별,구조별,기타,391,391,391,0,0,0
2022-05,동수별,용도별,주거용,6564,6564,6564,0,0,0
2022-05,동수별,용도별,상업용,5490,5490,5490,0,0,0
2022-05,동수별,용도별,공업용,1259,1259,1259,0,0,0
2022-05,동수별,용도별,교육및사회,509,509,509,0,0,0
2022-05,동수별,용도별,기타,2597,2597,2597,0,0,0
2022-05,연면적별,합계,합계,10958480,10958480,10958480,0,0,0
2022-05,연면적별,구조별,철근및철골조,10838136,10838136,10838136,0,0,0
2022-05,연면적별,구조별,조적조,11382,11382,11382,0,0,0
2022-05,연면적별,구조별,목조,96323,96323,96323,0,0,0
2022-05,연면적별,구조별,기타,12639,12639,12639,0,0,0
2022-05,연면적별,용도별,주거용,3241396,3241396,3241396,0,0,0
2022-05,연면적별,용도별,상업용,3289015,3289015,3289015,0,0,0
2022-05,연면적별,용도별,공업용,1641686,1641686,1641686,0,0,0
2022-05,연면적별,용도별,교육및사회,513387,513387,513387,0,0,0
2022-05,연면적별,용도별,기타,2272996,2272996,2272996,0,0,0
2022-06,동수별,합계,합계,14392,14392,14392,0,0,0
2022-06,동수별,구조별,철근및철골조,12936,12936,12936,0,0,0
2022-06,동수별,구조별,조적조,211,211,211,0,0,0
2022-06,동수별,구조별,목조,895,895,895,0,0,0
2022-06,동수별,구조별,기타,350,350,350,0,0,0
2022-06,동수별,용도별,주거용,5620,5620,5620,0,0,0
2022-06,동수별,용도별,상업용,4892,4892,4892,0,0,0
2022-06,동수별,용도별,공업용,1134,1134,1134,0,0,0
2022-06,동수별,용도별,교육및사회,428,428,428,0,0,0
2022-06,동수별,용도별,기타,2318,2318,2318,0,0,0
2022-06,연면적별,합계,합계,10139810,10139810,10139810,0,0,0
2022-06,연면적별,구조별,철근및철골조,9984380,9984380,9984380,0,0,0
2022-06,연면적별,구조별,조적조,12618,12618,12618,0,0,0
2022-06,연면적별,구조별,목조,82364,82364,82364,0,0,0
2022-06,연면적별,구조별,기타,60448,60448,60448,0,0,0
2022-06,연면적별,용도별,주거용,3387540,3387540,3387540,0,0,0
2022-06,연면적별,용도별,상업용,2943073,2943073,2943073,0,0,0
2022-06,연면적별,용도별,공업용,1266666,1266666,1266666,0,0,0
2022-06,연면적별,용도별,교육및사회,576792,576792,576792,0,0,0
2022-06,연면적별,용도별,기타,1965739,1965739,1965739,0,0,0
