,발주번호,"발주구분(계획, 추가)",원자재코드,거래처코드,발주수량,발주단가,발주예정일자,발주일자,입고예정일자,입고일자,입고수량,회계일자,입고완료여부,발주서전송구분,발주서출력횟수,비고
0,B20210215-0001,계획,SR11002,2002100,877035.0,1000,2021-02-15,2021-02-15,2021-02-18,2021-02-21,877035.0,2021-02-25,Y,Y,1,
1,B20210215-0002,계획,SR13801,2002200,2787.6,1100,2021-02-15,2021-02-15,2021-02-18,2021-02-21,2787.6,2021-02-25,Y,Y,1,
2,B20210215-0003,계획,SR15500,2002300,5265.0,1300,2021-02-15,2021-02-15,2021-02-18,2021-02-21,5265.0,2021-02-25,Y,Y,1,
3,B20210215-0004,계획,SR16002,2002400,7445.0,1000,2021-02-15,2021-02-15,2021-02-18,2021-02-21,7445.0,2021-02-25,Y,Y,1,
4,B20210215-0005,계획,SR16003,2002500,1100.0,1100,2021-02-15,2021-02-15,2021-02-18,2021-02-21,1100.0,2021-02-25,Y,Y,1,
5,B20210215-0006,계획,SR16600,2002600,35288.299999999996,1300,2021-02-15,2021-02-15,2021-02-18,2021-02-21,35288.299999999996,2021-02-25,Y,Y,1,
6,B20210215-0007,계획,SR18520,2002700,625.0,1000,2021-02-15,2021-02-15,2021-02-18,2021-02-21,625.0,2021-02-25,Y,Y,1,
7,B20210215-0008,계획,SR34307,2002800,1100.0,1000,2021-02-15,2021-02-15,2021-02-18,2021-02-21,1100.0,2021-02-25,Y,Y,1,
8,B20210215-0009,계획,SR34311,2002900,1100.0,1100,2021-02-15,2021-02-15,2021-02-18,2021-02-21,1100.0,2021-02-25,Y,Y,1,
9,B20210215-0010,계획,SR34364,2002100,4568.0,1300,2021-02-15,2021-02-15,2021-02-18,2021-02-21,4568.0,2021-02-25,Y,Y,1,
10,B20210215-0011,계획,SR35210,2002200,6205.0,1000,2021-02-15,2021-02-15,2021-02-18,2021-02-21,6205.0,2021-02-25,Y,Y,1,
11,B20210215-0012,계획,SR35211,2002300,1100.0,1100,2021-02-15,2021-02-15,2021-02-18,2021-02-21,1100.0,2021-02-25,Y,Y,1,
12,B20210215-0013,계획,SR35217,2002400,42747.5,1300,2021-02-15,2021-02-15,2021-02-18,2021-02-21,42747.5,2021-02-25,Y,Y,1,
13,B20210215-0014,계획,SR35218,2002500,188795.7,1000,2021-02-15,2021-02-15,2021-02-18,2021-02-21,188795.7,2021-02-25,Y,Y,1,
14,B20210215-0015,계획,SR35221,2002600,1100.0,1000,2021-02-15,2021-02-15,2021-02-18,2021-02-21,1100.0,2021-02-25,Y,Y,1,
15,B20210215-0016,계획,SR35224,2002700,134680.0,1100,2021-02-15,2021-02-15,2021-02-18,2021-02-21,134680.0,2021-02-25,Y,Y,1,
16,B20210215-0017,계획,SR35225,2002800,71393.9,1300,2021-02-15,2021-02-15,2021-02-18,2021-02-21,71393.9,2021-02-25,Y,Y,1,
17,B20210215-0018,계획,SR35228,2002900,27285.2,1000,2021-02-15,2021-02-15,2021-02-18,2021-02-21,27285.2,2021-02-25,Y,Y,1,
18,B20210215-0019,계획,SR35500,2002100,11839.0,1100,2021-02-15,2021-02-15,2021-02-18,2021-02-21,11839.0,2021-02-25,Y,Y,1,
19,B20210215-0020,계획,SR35556,2002200,6547.0,1300,2021-02-15,2021-02-15,2021-02-18,2021-02-21,6547.0,2021-02-25,Y,Y,1,
20,B20210215-0021,계획,SR35755,2002300,810.0,1000,2021-02-15,2021-02-15,2021-02-18,2021-02-21,810.0,2021-02-25,Y,Y,1,
21,B20210215-0022,계획,SR35758,2002400,8702.0,1000,2021-02-15,2021-02-15,2021-02-18,2021-02-21,8702.0,2021-02-25,Y,Y,1,
22,B20210215-0023,계획,SR35760,2002500,1100.0,1100,2021-02-15,2021-02-15,2021-02-18,2021-02-21,1100.0,2021-02-25,Y,Y,1,
23,B20210215-0024,계획,SR35761,2002600,1100.0,1300,2021-02-15,2021-02-15,2021-02-18,2021-02-21,1100.0,2021-02-25,Y,Y,1,
24,B20210215-0025,계획,SR35765,2002700,1100.0,1000,2021-02-15,2021-02-15,2021-02-18,2021-02-21,1100.0,2021-02-25,Y,Y,1,
25,B20210215-0026,계획,SR35903,2002800,34478.0,1100,2021-02-15,2021-02-15,2021-02-18,2021-02-21,34478.0,2021-02-25,Y,Y,1,
26,B20210215-0027,계획,SR35904,2002900,106516.5,1300,2021-02-15,2021-02-15,2021-02-18,2021-02-21,106516.5,2021-02-25,Y,Y,1,
27,B20210215-0028,계획,SR35905,2002100,175.0,1000,2021-02-15,2021-02-15,2021-02-18,2021-02-21,175.0,2021-02-25,Y,Y,1,
28,B20210215-0029,계획,SR38117,2002200,414.79999999999995,1000,2021-02-15,2021-02-15,2021-02-18,2021-02-21,414.79999999999995,2021-02-25,Y,Y,1,
29,B20210215-0030,계획,SR47093,2002300,1100.0,1100,2021-02-15,2021-02-15,2021-02-18,2021-02-21,1100.0,2021-02-25,Y,Y,1,
30,B20210215-0031,계획,SR68222,2002400,1131.4,1300,2021-02-15,2021-02-15,2021-02-18,2021-02-21,1131.4,2021-02-25,Y,Y,1,
31,B20210222-0032,계획,SR11002,2002500,826682.9999999999,1000,2021-02-22,2021-02-22,2021-02-25,2021-02-28,826682.9999999999,2021-02-25,Y,Y,1,
32,B20210222-0033,계획,SR13801,2002600,2471.1,1100,2021-02-22,2021-02-22,2021-02-25,2021-02-28,2471.1,2021-02-25,Y,Y,1,
33,B20210222-0034,계획,SR15500,2002700,7092.5,1300,2021-02-22,2021-02-22,2021-02-25,2021-02-28,7092.5,2021-02-25,Y,Y,1,
34,B20210222-0035,계획,SR16002,2002800,9370.0,1000,2021-02-22,2021-02-22,2021-02-25,2021-02-28,9370.0,2021-02-25,Y,Y,1,
35,B20210222-0036,계획,SR16003,2002900,1100.0,1000,2021-02-22,2021-02-22,2021-02-25,2021-02-28,1100.0,2021-02-25,Y,Y,1,
36,B20210222-0037,계획,SR16600,2002100,32962.8,1100,2021-02-22,2021-02-22,2021-02-25,2021-02-28,32962.8,2021-02-25,Y,Y,1,
37,B20210222-0038,계획,SR18520,2002200,775.0,1300,2021-02-22,2021-02-22,2021-02-25,2021-02-28,775.0,2021-02-25,Y,Y,1,
38,B20210222-0039,계획,SR34307,2002300,1000.0,1000,2021-02-22,2021-02-22,2021-02-25,2021-02-28,1000.0,2021-02-25,Y,Y,1,
39,B20210222-0040,계획,SR34311,2002400,1100.0,1100,2021-02-22,2021-02-22,2021-02-25,2021-02-28,1100.0,2021-02-25,Y,Y,1,
40,B20210222-0041,계획,SR34364,2002500,4020.0,1300,2021-02-22,2021-02-22,2021-02-25,2021-02-28,4020.0,2021-02-25,Y,Y,1,
41,B20210222-0042,계획,SR35210,2002600,11429.5,1000,2021-02-22,2021-02-22,2021-02-25,2021-02-28,11429.5,2021-02-25,Y,Y,1,
42,B20210222-0043,계획,SR35211,2002700,1100.0,1000,2021-02-22,2021-02-22,2021-02-25,2021-02-28,1100.0,2021-02-25,Y,Y,1,
43,B20210222-0044,계획,SR35217,2002800,1623.4,1100,2021-02-22,2021-02-22,2021-02-25,2021-02-28,1623.4,2021-02-25,Y,Y,1,
44,B20210222-0045,계획,SR35218,2002900,144244.90000000002,1300,2021-02-22,2021-02-22,2021-02-25,2021-02-28,144244.90000000002,2021-02-25,Y,Y,1,
45,B20210222-0046,계획,SR35221,2002100,1100.0,1000,2021-02-22,2021-02-22,2021-02-25,2021-02-28,1100.0,2021-02-25,Y,Y,1,
46,B20210222-0047,계획,SR35224,2002200,112484.6,1100,2021-02-22,2021-02-22,2021-02-25,2021-02-28,112484.6,2021-02-25,Y,Y,1,
47,B20210222-0048,계획,SR35225,2002300,73226.4,1300,2021-02-22,2021-02-22,2021-02-25,2021-02-28,73226.4,2021-02-25,Y,Y,1,
48,B20210222-0049,계획,SR35228,2002400,34922.9,1000,2021-02-22,2021-02-22,2021-02-25,2021-02-28,34922.9,2021-02-25,Y,Y,1,
49,B20210222-0050,계획,SR35500,2002500,10528.5,1000,2021-02-22,2021-02-22,2021-02-25,2021-02-28,10528.5,2021-02-25,Y,Y,1,
50,B20210222-0051,계획,SR35556,2002600,7183.8,1100,2021-02-22,2021-02-22,2021-02-25,2021-02-28,7183.8,2021-02-25,Y,Y,1,
51,B20210222-0052,계획,SR35755,2002700,810.0,1300,2021-02-22,2021-02-22,2021-02-25,2021-02-28,810.0,2021-02-25,Y,Y,1,
52,B20210222-0053,계획,SR35758,2002800,13266.5,1000,2021-02-22,2021-02-22,2021-02-25,2021-02-28,13266.5,2021-02-25,Y,Y,1,
53,B20210222-0054,계획,SR35760,2002900,15.0,1100,2021-02-22,2021-02-22,2021-02-25,2021-02-28,15.0,2021-02-25,Y,Y,1,
54,B20210222-0055,계획,SR35761,2002100,15.0,1300,2021-02-22,2021-02-22,2021-02-25,2021-02-28,15.0,2021-02-25,Y,Y,1,
55,B20210222-0056,계획,SR35765,2002200,220.0,1000,2021-02-22,2021-02-22,2021-02-25,2021-02-28,220.0,2021-02-25,Y,Y,1,
56,B20210222-0057,계획,SR35903,2002300,33063.5,1000,2021-02-22,2021-02-22,2021-02-25,2021-02-28,33063.5,2021-02-25,Y,Y,1,
57,B20210222-0058,계획,SR35904,2002400,85173.0,1100,2021-02-22,2021-02-22,2021-02-25,2021-02-28,85173.0,2021-02-25,Y,Y,1,
58,B20210222-0059,계획,SR35905,2002500,77.0,1300,2021-02-22,2021-02-22,2021-02-25,2021-02-28,77.0,2021-02-25,Y,Y,1,
59,B20210222-0060,계획,SR38117,2002600,435.2,1000,2021-02-22,2021-02-22,2021-02-25,2021-02-28,435.2,2021-02-25,Y,Y,1,
60,B20210222-0061,계획,SR47093,2002700,1100.0,1100,2021-02-22,2021-02-22,2021-02-25,2021-02-28,1100.0,2021-02-25,Y,Y,1,
61,B20210222-0062,계획,SR68222,2002800,1012.4,1300,2021-02-22,2021-02-22,2021-02-25,2021-02-28,1012.4,2021-02-25,Y,Y,1,
62,B20210302-0001,계획,SR11002,2002900,959718.5999999999,1000,2021-03-02,2021-03-02,2021-03-05,2021-03-08,959718.5999999999,2021-03-25,Y,Y,1,
63,B20210302-0002,계획,SR13801,2002100,2820.5,1000,2021-03-02,2021-03-02,2021-03-05,2021-03-08,2820.5,2021-03-25,Y,Y,1,
64,B20210302-0003,계획,SR15500,2002200,28948.600000000002,1100,2021-03-02,2021-03-02,2021-03-05,2021-03-08,28948.600000000002,2021-03-25,Y,Y,1,
65,B20210302-0004,계획,SR16002,2002300,13580.0,1300,2021-03-02,2021-03-02,2021-03-05,2021-03-08,13580.0,2021-03-25,Y,Y,1,
66,B20210302-0005,계획,SR16003,2002400,1100.0,1000,2021-03-02,2021-03-02,2021-03-05,2021-03-08,1100.0,2021-03-25,Y,Y,1,
67,B20210302-0006,계획,SR16600,2002500,41140.9,1100,2021-03-02,2021-03-02,2021-03-05,2021-03-08,41140.9,2021-03-25,Y,Y,1,
68,B20210302-0007,계획,SR18520,2002600,975.0,1300,2021-03-02,2021-03-02,2021-03-05,2021-03-08,975.0,2021-03-25,Y,Y,1,
69,B20210302-0008,계획,SR34307,2002700,1100.0,1000,2021-03-02,2021-03-02,2021-03-05,2021-03-08,1100.0,2021-03-25,Y,Y,1,
70,B20210302-0009,계획,SR34311,2002800,780.0,1000,2021-03-02,2021-03-02,2021-03-05,2021-03-08,780.0,2021-03-25,Y,Y,1,
71,B20210302-0010,계획,SR34364,2002900,3582.0,1100,2021-03-02,2021-03-02,2021-03-05,2021-03-08,3582.0,2021-03-25,Y,Y,1,
72,B20210302-0011,계획,SR35210,2002100,21235.0,1300,2021-03-02,2021-03-02,2021-03-05,2021-03-08,21235.0,2021-03-25,Y,Y,1,
73,B20210302-0012,계획,SR35211,2002200,1100.0,1000,2021-03-02,2021-03-02,2021-03-05,2021-03-08,1100.0,2021-03-25,Y,Y,1,
74,B20210302-0013,계획,SR35217,2002300,4477.0,1100,2021-03-02,2021-03-02,2021-03-05,2021-03-08,4477.0,2021-03-25,Y,Y,1,
75,B20210302-0014,계획,SR35218,2002400,178890.8,1300,2021-03-02,2021-03-02,2021-03-05,2021-03-08,178890.8,2021-03-25,Y,Y,1,
76,B20210302-0015,계획,SR35221,2002500,1100.0,1000,2021-03-02,2021-03-02,2021-03-05,2021-03-08,1100.0,2021-03-25,Y,Y,1,
77,B20210302-0016,계획,SR35224,2002600,138898.4,1000,2021-03-02,2021-03-02,2021-03-05,2021-03-08,138898.4,2021-03-25,Y,Y,1,
78,B20210302-0017,계획,SR35225,2002700,76689.29999999999,1100,2021-03-02,2021-03-02,2021-03-05,2021-03-08,76689.29999999999,2021-03-25,Y,Y,1,
79,B20210302-0018,계획,SR35228,2002800,31947.8,1300,2021-03-02,2021-03-02,2021-03-05,2021-03-08,31947.8,2021-03-25,Y,Y,1,
80,B20210302-0019,계획,SR35500,2002900,5106.5,1000,2021-03-02,2021-03-02,2021-03-05,2021-03-08,5106.5,2021-03-25,Y,Y,1,
81,B20210302-0020,계획,SR35556,2002100,5958.0,1100,2021-03-02,2021-03-02,2021-03-05,2021-03-08,5958.0,2021-03-25,Y,Y,1,
82,B20210302-0021,계획,SR35755,2002200,810.0,1300,2021-03-02,2021-03-02,2021-03-05,2021-03-08,810.0,2021-03-25,Y,Y,1,
83,B20210302-0022,계획,SR35758,2002300,14064.0,1000,2021-03-02,2021-03-02,2021-03-05,2021-03-08,14064.0,2021-03-25,Y,Y,1,
84,B20210302-0023,계획,SR35760,2002400,27.0,1000,2021-03-02,2021-03-02,2021-03-05,2021-03-08,27.0,2021-03-25,Y,Y,1,
85,B20210302-0024,계획,SR35761,2002500,27.0,1100,2021-03-02,2021-03-02,2021-03-05,2021-03-08,27.0,2021-03-25,Y,Y,1,
86,B20210302-0025,계획,SR35765,2002600,396.0,1300,2021-03-02,2021-03-02,2021-03-05,2021-03-08,396.0,2021-03-25,Y,Y,1,
87,B20210302-0026,계획,SR35903,2002700,40983.0,1000,2021-03-02,2021-03-02,2021-03-05,2021-03-08,40983.0,2021-03-25,Y,Y,1,
88,B20210302-0027,계획,SR35904,2002800,110107.0,1100,2021-03-02,2021-03-02,2021-03-05,2021-03-08,110107.0,2021-03-25,Y,Y,1,
89,B20210302-0028,계획,SR35905,2002900,152.7,1300,2021-03-02,2021-03-02,2021-03-05,2021-03-08,152.7,2021-03-25,Y,Y,1,
90,B20210302-0029,계획,SR38117,2002100,470.1,1000,2021-03-02,2021-03-02,2021-03-05,2021-03-08,470.1,2021-03-25,Y,Y,1,
91,B20210302-0030,계획,SR47093,2002200,1100.0,1000,2021-03-02,2021-03-02,2021-03-05,2021-03-08,1100.0,2021-03-25,Y,Y,1,
92,B20210302-0031,계획,SR68222,2002300,1214.8000000000002,1100,2021-03-02,2021-03-02,2021-03-05,2021-03-08,1214.8000000000002,2021-03-25,Y,Y,1,
93,B20210308-0001,계획,SR11002,2002400,885301.94,1300,2021-03-08,2021-03-08,2021-03-11,2021-03-14,885301.94,2021-03-25,Y,Y,1,
94,B20210308-0002,계획,SR13801,2002500,3889.5,1000,2021-03-08,2021-03-08,2021-03-11,2021-03-14,3889.5,2021-03-25,Y,Y,1,
95,B20210308-0003,계획,SR15500,2002600,5080.0,1100,2021-03-08,2021-03-08,2021-03-11,2021-03-14,5080.0,2021-03-25,Y,Y,1,
96,B20210308-0004,계획,SR16002,2002700,15260.0,1300,2021-03-08,2021-03-08,2021-03-11,2021-03-14,15260.0,2021-03-25,Y,Y,1,
97,B20210308-0005,계획,SR16003,2002800,1100.0,1000,2021-03-08,2021-03-08,2021-03-11,2021-03-14,1100.0,2021-03-25,Y,Y,1,
98,B20210308-0006,계획,SR16600,2002900,34161.600000000006,1000,2021-03-08,2021-03-08,2021-03-11,2021-03-14,34161.600000000006,2021-03-25,Y,Y,1,
99,B20210308-0007,계획,SR18520,2002100,725.0,1100,2021-03-08,2021-03-08,2021-03-11,2021-03-14,725.0,2021-03-25,Y,Y,1,
100,B20210308-0008,계획,SR34307,2002200,1100.0,1300,2021-03-08,2021-03-08,2021-03-11,2021-03-14,1100.0,2021-03-25,Y,Y,1,
101,B20210308-0009,계획,SR34311,2002300,1100.0,1000,2021-03-08,2021-03-08,2021-03-11,2021-03-14,1100.0,2021-03-25,Y,Y,1,
102,B20210308-0010,계획,SR34364,2002400,1437.2,1100,2021-03-08,2021-03-08,2021-03-11,2021-03-14,1437.2,2021-03-25,Y,Y,1,
103,B20210308-0011,계획,SR35210,2002500,7321.0,1300,2021-03-08,2021-03-08,2021-03-11,2021-03-14,7321.0,2021-03-25,Y,Y,1,
104,B20210308-0012,계획,SR35211,2002600,1200.0,1000,2021-03-08,2021-03-08,2021-03-11,2021-03-14,1200.0,2021-03-25,Y,Y,1,
105,B20210308-0013,계획,SR35217,2002700,2125.5,1000,2021-03-08,2021-03-08,2021-03-11,2021-03-14,2125.5,2021-03-25,Y,Y,1,
106,B20210308-0014,계획,SR35218,2002800,137493.5,1100,2021-03-08,2021-03-08,2021-03-11,2021-03-14,137493.5,2021-03-25,Y,Y,1,
107,B20210308-0015,계획,SR35221,2002900,981.0,1300,2021-03-08,2021-03-08,2021-03-11,2021-03-14,981.0,2021-03-25,Y,Y,1,
108,B20210308-0016,계획,SR35224,2002100,122126.70000000001,1000,2021-03-08,2021-03-08,2021-03-11,2021-03-14,122126.70000000001,2021-03-25,Y,Y,1,
109,B20210308-0017,계획,SR35225,2002200,69251.0,1100,2021-03-08,2021-03-08,2021-03-11,2021-03-14,69251.0,2021-03-25,Y,Y,1,
110,B20210308-0018,계획,SR35228,2002300,33796.4,1300,2021-03-08,2021-03-08,2021-03-11,2021-03-14,33796.4,2021-03-25,Y,Y,1,
111,B20210308-0019,계획,SR35500,2002400,9520.0,1000,2021-03-08,2021-03-08,2021-03-11,2021-03-14,9520.0,2021-03-25,Y,Y,1,
112,B20210308-0020,계획,SR35556,2002500,6328.0,1000,2021-03-08,2021-03-08,2021-03-11,2021-03-14,6328.0,2021-03-25,Y,Y,1,
113,B20210308-0021,계획,SR35755,2002600,810.0,1100,2021-03-08,2021-03-08,2021-03-11,2021-03-14,810.0,2021-03-25,Y,Y,1,
114,B20210308-0022,계획,SR35758,2002700,13004.5,1300,2021-03-08,2021-03-08,2021-03-11,2021-03-14,13004.5,2021-03-25,Y,Y,1,
115,B20210308-0023,계획,SR35760,2002800,1100.0,1000,2021-03-08,2021-03-08,2021-03-11,2021-03-14,1100.0,2021-03-25,Y,Y,1,
116,B20210308-0024,계획,SR35761,2002900,1100.0,1100,2021-03-08,2021-03-08,2021-03-11,2021-03-14,1100.0,2021-03-25,Y,Y,1,
117,B20210308-0025,계획,SR35765,2002100,1100.0,1300,2021-03-08,2021-03-08,2021-03-11,2021-03-14,1100.0,2021-03-25,Y,Y,1,
118,B20210308-0026,계획,SR35903,2002200,34626.0,1000,2021-03-08,2021-03-08,2021-03-11,2021-03-14,34626.0,2021-03-25,Y,Y,1,
119,B20210308-0027,계획,SR35904,2002300,97451.0,1000,2021-03-08,2021-03-08,2021-03-11,2021-03-14,97451.0,2021-03-25,Y,Y,1,
120,B20210308-0028,계획,SR35905,2002400,143.0,1100,2021-03-08,2021-03-08,2021-03-11,2021-03-14,143.0,2021-03-25,Y,Y,1,
121,B20210308-0029,계획,SR38117,2002500,423.05999999999995,1300,2021-03-08,2021-03-08,2021-03-11,2021-03-14,423.05999999999995,2021-03-25,Y,Y,1,
122,B20210308-0030,계획,SR47093,2002600,1100.0,1000,2021-03-08,2021-03-08,2021-03-11,2021-03-14,1100.0,2021-03-25,Y,Y,1,
123,B20210308-0031,계획,SR68222,2002700,1154.1,1100,2021-03-08,2021-03-08,2021-03-11,2021-03-14,1154.1,2021-03-25,Y,Y,1,
124,B20210315-0001,계획,SR11002,2002800,1192503.1500000001,1300,2021-03-15,2021-03-15,2021-03-18,2021-03-21,1192503.1500000001,2021-03-25,Y,Y,1,
125,B20210315-0002,계획,SR13801,2002900,2998.23,1000,2021-03-15,2021-03-15,2021-03-18,2021-03-21,2998.23,2021-03-25,Y,Y,1,
126,B20210315-0003,계획,SR15500,2002100,6170.0,1000,2021-03-15,2021-03-15,2021-03-18,2021-03-21,6170.0,2021-03-25,Y,Y,1,
127,B20210315-0004,계획,SR16002,2002200,20669.0,1100,2021-03-15,2021-03-15,2021-03-18,2021-03-21,20669.0,2021-03-25,Y,Y,1,
128,B20210315-0005,계획,SR16003,2002300,80.1,1300,2021-03-15,2021-03-15,2021-03-18,2021-03-21,80.1,2021-03-25,Y,Y,1,
129,B20210315-0006,계획,SR16600,2002400,48000.079999999994,1000,2021-03-15,2021-03-15,2021-03-18,2021-03-21,48000.079999999994,2021-03-25,Y,Y,1,
130,B20210315-0007,계획,SR18520,2002500,350.0,1100,2021-03-15,2021-03-15,2021-03-18,2021-03-21,350.0,2021-03-25,Y,Y,1,
131,B20210315-0008,계획,SR34307,2002600,1100.0,1300,2021-03-15,2021-03-15,2021-03-18,2021-03-21,1100.0,2021-03-25,Y,Y,1,
132,B20210315-0009,계획,SR34311,2002700,725.0,1000,2021-03-15,2021-03-15,2021-03-18,2021-03-21,725.0,2021-03-25,Y,Y,1,
133,B20210315-0010,계획,SR34364,2002800,2911.0,1000,2021-03-15,2021-03-15,2021-03-18,2021-03-21,2911.0,2021-03-25,Y,Y,1,
134,B20210315-0011,계획,SR35210,2002900,2695.0,1100,2021-03-15,2021-03-15,2021-03-18,2021-03-21,2695.0,2021-03-25,Y,Y,1,
135,B20210315-0012,계획,SR35211,2002100,1100.0,1300,2021-03-15,2021-03-15,2021-03-18,2021-03-21,1100.0,2021-03-25,Y,Y,1,
136,B20210315-0013,계획,SR35217,2002200,3072.8,1000,2021-03-15,2021-03-15,2021-03-18,2021-03-21,3072.8,2021-03-25,Y,Y,1,
137,B20210315-0014,계획,SR35218,2002300,171315.3,1100,2021-03-15,2021-03-15,2021-03-18,2021-03-21,171315.3,2021-03-25,Y,Y,1,
138,B20210315-0015,계획,SR35221,2002400,493.0,1300,2021-03-15,2021-03-15,2021-03-18,2021-03-21,493.0,2021-03-25,Y,Y,1,
139,B20210315-0016,계획,SR35224,2002500,184895.99999999997,1000,2021-03-15,2021-03-15,2021-03-18,2021-03-21,184895.99999999997,2021-03-25,Y,Y,1,
140,B20210315-0017,계획,SR35225,2002600,87892.1,1000,2021-03-15,2021-03-15,2021-03-18,2021-03-21,87892.1,2021-03-25,Y,Y,1,
141,B20210315-0018,계획,SR35228,2002700,65328.9,1100,2021-03-15,2021-03-15,2021-03-18,2021-03-21,65328.9,2021-03-25,Y,Y,1,
142,B20210315-0019,계획,SR35500,2002800,13700.5,1300,2021-03-15,2021-03-15,2021-03-18,2021-03-21,13700.5,2021-03-25,Y,Y,1,
143,B20210315-0020,계획,SR35556,2002900,10463.0,1000,2021-03-15,2021-03-15,2021-03-18,2021-03-21,10463.0,2021-03-25,Y,Y,1,
144,B20210315-0021,계획,SR35755,2002100,810.0,1100,2021-03-15,2021-03-15,2021-03-18,2021-03-21,810.0,2021-03-25,Y,Y,1,
145,B20210315-0022,계획,SR35758,2002200,13809.0,1300,2021-03-15,2021-03-15,2021-03-18,2021-03-21,13809.0,2021-03-25,Y,Y,1,
146,B20210315-0023,계획,SR35760,2002300,24.0,1000,2021-03-15,2021-03-15,2021-03-18,2021-03-21,24.0,2021-03-25,Y,Y,1,
147,B20210315-0024,계획,SR35761,2002400,24.0,1000,2021-03-15,2021-03-15,2021-03-18,2021-03-21,24.0,2021-03-25,Y,Y,1,
148,B20210315-0025,계획,SR35765,2002500,352.0,1100,2021-03-15,2021-03-15,2021-03-18,2021-03-21,352.0,2021-03-25,Y,Y,1,
149,B20210315-0026,계획,SR35903,2002600,47602.45,1300,2021-03-15,2021-03-15,2021-03-18,2021-03-21,47602.45,2021-03-25,Y,Y,1,
150,B20210315-0027,계획,SR35904,2002700,130900.75,1000,2021-03-15,2021-03-15,2021-03-18,2021-03-21,130900.75,2021-03-25,Y,Y,1,
151,B20210315-0028,계획,SR35905,2002800,215.2,1100,2021-03-15,2021-03-15,2021-03-18,2021-03-21,215.2,2021-03-25,Y,Y,1,
152,B20210315-0029,계획,SR38117,2002900,546.4999999999999,1300,2021-03-15,2021-03-15,2021-03-18,2021-03-21,546.4999999999999,2021-03-25,Y,Y,1,
153,B20210315-0030,계획,SR47093,2002100,1100.0,1000,2021-03-15,2021-03-15,2021-03-18,2021-03-21,1100.0,2021-03-25,Y,Y,1,
154,B20210315-0031,계획,SR68222,2002200,1542.05,1000,2021-03-15,2021-03-15,2021-03-18,2021-03-21,1542.05,2021-03-25,Y,Y,1,
155,B20210322-0001,계획,SR11002,2002300,954816.0,1100,2021-03-22,2021-03-22,2021-03-25,2021-03-28,954816.0,2021-04-25,Y,Y,1,
156,B20210322-0002,계획,SR13801,2002400,2350.0,1300,2021-03-22,2021-03-22,2021-03-25,2021-03-28,2350.0,2021-04-25,Y,Y,1,
157,B20210322-0003,계획,SR15500,2002500,8116.0,1000,2021-03-22,2021-03-22,2021-03-25,2021-03-28,8116.0,2021-04-25,Y,Y,1,
158,B20210322-0004,계획,SR16002,2002600,19305.0,1100,2021-03-22,2021-03-22,2021-03-25,2021-03-28,19305.0,2021-04-25,Y,Y,1,
159,B20210322-0005,계획,SR16003,2002700,553.0,1300,2021-03-22,2021-03-22,2021-03-25,2021-03-28,553.0,2021-04-25,Y,Y,1,
160,B20210322-0006,계획,SR16600,2002800,39514.3,1000,2021-03-22,2021-03-22,2021-03-25,2021-03-28,39514.3,2021-04-25,Y,Y,1,
161,B20210322-0007,계획,SR18520,2002900,1075.0,1000,2021-03-22,2021-03-22,2021-03-25,2021-03-28,1075.0,2021-04-25,Y,Y,1,
162,B20210322-0008,계획,SR34307,2002100,1100.0,1100,2021-03-22,2021-03-22,2021-03-25,2021-03-28,1100.0,2021-04-25,Y,Y,1,
163,B20210322-0009,계획,SR34311,2002200,1100.0,1300,2021-03-22,2021-03-22,2021-03-25,2021-03-28,1100.0,2021-04-25,Y,Y,1,
164,B20210322-0010,계획,SR34364,2002300,5008.0,1000,2021-03-22,2021-03-22,2021-03-25,2021-03-28,5008.0,2021-04-25,Y,Y,1,
165,B20210322-0011,계획,SR35210,2002400,5595.0,1100,2021-03-22,2021-03-22,2021-03-25,2021-03-28,5595.0,2021-04-25,Y,Y,1,
166,B20210322-0012,계획,SR35211,2002500,21448.4,1300,2021-03-22,2021-03-22,2021-03-25,2021-03-28,21448.4,2021-04-25,Y,Y,1,
167,B20210322-0013,계획,SR35217,2002600,1945.5,1000,2021-03-22,2021-03-22,2021-03-25,2021-03-28,1945.5,2021-04-25,Y,Y,1,
168,B20210322-0014,계획,SR35218,2002700,210515.7,1000,2021-03-22,2021-03-22,2021-03-25,2021-03-28,210515.7,2021-04-25,Y,Y,1,
169,B20210322-0015,계획,SR35221,2002800,1100.0,1100,2021-03-22,2021-03-22,2021-03-25,2021-03-28,1100.0,2021-04-25,Y,Y,1,
170,B20210322-0016,계획,SR35224,2002900,142448.2,1300,2021-03-22,2021-03-22,2021-03-25,2021-03-28,142448.2,2021-04-25,Y,Y,1,
171,B20210322-0017,계획,SR35225,2002100,83231.0,1000,2021-03-22,2021-03-22,2021-03-25,2021-03-28,83231.0,2021-04-25,Y,Y,1,
172,B20210322-0018,계획,SR35228,2002200,21489.5,1100,2021-03-22,2021-03-22,2021-03-25,2021-03-28,21489.5,2021-04-25,Y,Y,1,
173,B20210322-0019,계획,SR35500,2002300,10384.5,1300,2021-03-22,2021-03-22,2021-03-25,2021-03-28,10384.5,2021-04-25,Y,Y,1,
174,B20210322-0020,계획,SR35556,2002400,8736.0,1000,2021-03-22,2021-03-22,2021-03-25,2021-03-28,8736.0,2021-04-25,Y,Y,1,
175,B20210322-0021,계획,SR35755,2002500,450.0,1000,2021-03-22,2021-03-22,2021-03-25,2021-03-28,450.0,2021-04-25,Y,Y,1,
176,B20210322-0022,계획,SR35758,2002600,10542.5,1100,2021-03-22,2021-03-22,2021-03-25,2021-03-28,10542.5,2021-04-25,Y,Y,1,
177,B20210322-0023,계획,SR35760,2002700,15.0,1300,2021-03-22,2021-03-22,2021-03-25,2021-03-28,15.0,2021-04-25,Y,Y,1,
178,B20210322-0024,계획,SR35761,2002800,15.0,1000,2021-03-22,2021-03-22,2021-03-25,2021-03-28,15.0,2021-04-25,Y,Y,1,
179,B20210322-0025,계획,SR35765,2002900,220.0,1100,2021-03-22,2021-03-22,2021-03-25,2021-03-28,220.0,2021-04-25,Y,Y,1,
180,B20210322-0026,계획,SR35903,2002100,37020.8,1300,2021-03-22,2021-03-22,2021-03-25,2021-03-28,37020.8,2021-04-25,Y,Y,1,
181,B20210322-0027,계획,SR35904,2002200,109201.2,1000,2021-03-22,2021-03-22,2021-03-25,2021-03-28,109201.2,2021-04-25,Y,Y,1,
182,B20210322-0028,계획,SR35905,2002300,88.0,1000,2021-03-22,2021-03-22,2021-03-25,2021-03-28,88.0,2021-04-25,Y,Y,1,
183,B20210322-0029,계획,SR38117,2002400,434.09999999999997,1100,2021-03-22,2021-03-22,2021-03-25,2021-03-28,434.09999999999997,2021-04-25,Y,Y,1,
184,B20210322-0030,계획,SR47093,2002500,1100.0,1300,2021-03-22,2021-03-22,2021-03-25,2021-03-28,1100.0,2021-04-25,Y,Y,1,
185,B20210322-0031,계획,SR68222,2002600,1331.9,1000,2021-03-22,2021-03-22,2021-03-25,2021-03-28,1331.9,2021-04-25,Y,Y,1,
186,B20210329-0001,계획,SR11002,2002700,179351.7,1100,2021-03-29,2021-03-29,2021-04-01,2021-04-04,179351.7,2021-04-25,Y,Y,1,
187,B20210329-0002,계획,SR13801,2002800,210.5,1300,2021-03-29,2021-03-29,2021-04-01,2021-04-04,210.5,2021-04-25,Y,Y,1,
188,B20210329-0003,계획,SR15500,2002900,1100.0,1000,2021-03-29,2021-03-29,2021-04-01,2021-04-04,1100.0,2021-04-25,Y,Y,1,
189,B20210329-0004,계획,SR16002,2002100,3425.0,1000,2021-03-29,2021-03-29,2021-04-01,2021-04-04,3425.0,2021-04-25,Y,Y,1,
190,B20210329-0005,계획,SR16003,2002200,271.75,1100,2021-03-29,2021-03-29,2021-04-01,2021-04-04,271.75,2021-04-25,Y,Y,1,
191,B20210329-0006,계획,SR16600,2002300,5879.5,1300,2021-03-29,2021-03-29,2021-04-01,2021-04-04,5879.5,2021-04-25,Y,Y,1,
192,B20210329-0007,계획,SR18520,2002400,1100.0,1000,2021-03-29,2021-03-29,2021-04-01,2021-04-04,1100.0,2021-04-25,Y,Y,1,
193,B20210329-0008,계획,SR34307,2002500,1100.0,1100,2021-03-29,2021-03-29,2021-04-01,2021-04-04,1100.0,2021-04-25,Y,Y,1,
194,B20210329-0009,계획,SR34311,2002600,1100.0,1300,2021-03-29,2021-03-29,2021-04-01,2021-04-04,1100.0,2021-04-25,Y,Y,1,
195,B20210329-0010,계획,SR34364,2002700,1217.0,1000,2021-03-29,2021-03-29,2021-04-01,2021-04-04,1217.0,2021-04-25,Y,Y,1,
196,B20210329-0011,계획,SR35210,2002800,1908.0,1000,2021-03-29,2021-03-29,2021-04-01,2021-04-04,1908.0,2021-04-25,Y,Y,1,
197,B20210329-0012,계획,SR35211,2002900,2352.0,1100,2021-03-29,2021-03-29,2021-04-01,2021-04-04,2352.0,2021-04-25,Y,Y,1,
198,B20210329-0013,계획,SR35217,2002100,1305.0,1300,2021-03-29,2021-03-29,2021-04-01,2021-04-04,1305.0,2021-04-25,Y,Y,1,
199,B20210329-0014,계획,SR35218,2002200,12522.0,1000,2021-03-29,2021-03-29,2021-04-01,2021-04-04,12522.0,2021-04-25,Y,Y,1,
200,B20210329-0015,계획,SR35221,2002300,1100.0,1100,2021-03-29,2021-03-29,2021-04-01,2021-04-04,1100.0,2021-04-25,Y,Y,1,
201,B20210329-0016,계획,SR35224,2002400,22028.6,1300,2021-03-29,2021-03-29,2021-04-01,2021-04-04,22028.6,2021-04-25,Y,Y,1,
202,B20210329-0017,계획,SR35225,2002500,7866.6,1000,2021-03-29,2021-03-29,2021-04-01,2021-04-04,7866.6,2021-04-25,Y,Y,1,
203,B20210329-0018,계획,SR35228,2002600,1870.0,1000,2021-03-29,2021-03-29,2021-04-01,2021-04-04,1870.0,2021-04-25,Y,Y,1,
204,B20210329-0019,계획,SR35500,2002700,3260.0,1100,2021-03-29,2021-03-29,2021-04-01,2021-04-04,3260.0,2021-04-25,Y,Y,1,
205,B20210329-0020,계획,SR35556,2002800,3258.4,1300,2021-03-29,2021-03-29,2021-04-01,2021-04-04,3258.4,2021-04-25,Y,Y,1,
206,B20210329-0021,계획,SR35755,2002900,1100.0,1000,2021-03-29,2021-03-29,2021-04-01,2021-04-04,1100.0,2021-04-25,Y,Y,1,
207,B20210329-0022,계획,SR35758,2002100,3660.0,1100,2021-03-29,2021-03-29,2021-04-01,2021-04-04,3660.0,2021-04-25,Y,Y,1,
208,B20210329-0023,계획,SR35760,2002200,1100.0,1300,2021-03-29,2021-03-29,2021-04-01,2021-04-04,1100.0,2021-04-25,Y,Y,1,
209,B20210329-0024,계획,SR35761,2002300,1100.0,1000,2021-03-29,2021-03-29,2021-04-01,2021-04-04,1100.0,2021-04-25,Y,Y,1,
210,B20210329-0025,계획,SR35765,2002400,1100.0,1000,2021-03-29,2021-03-29,2021-04-01,2021-04-04,1100.0,2021-04-25,Y,Y,1,
211,B20210329-0026,계획,SR35903,2002500,8178.0,1100,2021-03-29,2021-03-29,2021-04-01,2021-04-04,8178.0,2021-04-25,Y,Y,1,
212,B20210329-0027,계획,SR35904,2002600,19411.0,1300,2021-03-29,2021-03-29,2021-04-01,2021-04-04,19411.0,2021-04-25,Y,Y,1,
213,B20210329-0028,계획,SR35905,2002700,83.0,1000,2021-03-29,2021-03-29,2021-04-01,2021-04-04,83.0,2021-04-25,Y,Y,1,
214,B20210329-0029,계획,SR38117,2002800,100.05,1100,2021-03-29,2021-03-29,2021-04-01,2021-04-04,100.05,2021-04-25,Y,Y,1,
215,B20210329-0030,계획,SR47093,2002900,62.5,1300,2021-03-29,2021-03-29,2021-04-01,2021-04-04,62.5,2021-04-25,Y,Y,1,
216,B20210329-0031,계획,SR68222,2002100,234.4,1000,2021-03-29,2021-03-29,2021-04-01,2021-04-04,234.4,2021-04-25,Y,Y,1,
217,B20210405-0001,계획,SR11002,2002200,756532.0300000001,1000,2021-04-05,2021-04-05,2021-04-08,2021-04-11,756532.0300000001,2021-04-25,Y,Y,1,
218,B20210405-0002,계획,SR13801,2002300,2895.0699999999997,1100,2021-04-05,2021-04-05,2021-04-08,2021-04-11,2895.0699999999997,2021-04-25,Y,Y,1,
219,B20210405-0003,계획,SR15500,2002400,9099.8,1300,2021-04-05,2021-04-05,2021-04-08,2021-04-11,9099.8,2021-04-25,Y,Y,1,
220,B20210405-0004,계획,SR16002,2002500,20429.9,1000,2021-04-05,2021-04-05,2021-04-08,2021-04-11,20429.9,2021-04-25,Y,Y,1,
221,B20210405-0005,계획,SR16003,2002600,1191.5,1100,2021-04-05,2021-04-05,2021-04-08,2021-04-11,1191.5,2021-04-25,Y,Y,1,
222,B20210405-0006,계획,SR16600,2002700,29973.370000000003,1300,2021-04-05,2021-04-05,2021-04-08,2021-04-11,29973.370000000003,2021-04-25,Y,Y,1,
223,B20210405-0007,계획,SR18520,2002800,375.0,1000,2021-04-05,2021-04-05,2021-04-08,2021-04-11,375.0,2021-04-25,Y,Y,1,
224,B20210405-0008,계획,SR34307,2002900,1100.0,1000,2021-04-05,2021-04-05,2021-04-08,2021-04-11,1100.0,2021-04-25,Y,Y,1,
225,B20210405-0009,계획,SR34311,2002100,300.0,1100,2021-04-05,2021-04-05,2021-04-08,2021-04-11,300.0,2021-04-25,Y,Y,1,
226,B20210405-0010,계획,SR34364,2002200,1320.0,1300,2021-04-05,2021-04-05,2021-04-08,2021-04-11,1320.0,2021-04-25,Y,Y,1,
227,B20210405-0011,계획,SR35210,2002300,6930.0,1000,2021-04-05,2021-04-05,2021-04-08,2021-04-11,6930.0,2021-04-25,Y,Y,1,
228,B20210405-0012,계획,SR35211,2002400,36095.0,1100,2021-04-05,2021-04-05,2021-04-08,2021-04-11,36095.0,2021-04-25,Y,Y,1,
229,B20210405-0013,계획,SR35217,2002500,5024.5,1300,2021-04-05,2021-04-05,2021-04-08,2021-04-11,5024.5,2021-04-25,Y,Y,1,
230,B20210405-0014,계획,SR35218,2002600,208386.75,1000,2021-04-05,2021-04-05,2021-04-08,2021-04-11,208386.75,2021-04-25,Y,Y,1,
231,B20210405-0015,계획,SR35221,2002700,1100.0,1000,2021-04-05,2021-04-05,2021-04-08,2021-04-11,1100.0,2021-04-25,Y,Y,1,
232,B20210405-0016,계획,SR35224,2002800,102103.79999999999,1100,2021-04-05,2021-04-05,2021-04-08,2021-04-11,102103.79999999999,2021-04-25,Y,Y,1,
233,B20210405-0017,계획,SR35225,2002900,64500.3,1300,2021-04-05,2021-04-05,2021-04-08,2021-04-11,64500.3,2021-04-25,Y,Y,1,
234,B20210405-0018,계획,SR35228,2002100,1100.0,1000,2021-04-05,2021-04-05,2021-04-08,2021-04-11,1100.0,2021-04-25,Y,Y,1,
235,B20210405-0019,계획,SR35500,2002200,6302.5,1100,2021-04-05,2021-04-05,2021-04-08,2021-04-11,6302.5,2021-04-25,Y,Y,1,
236,B20210405-0020,계획,SR35556,2002300,6613.79,1300,2021-04-05,2021-04-05,2021-04-08,2021-04-11,6613.79,2021-04-25,Y,Y,1,
237,B20210405-0021,계획,SR35755,2002400,1100.0,1000,2021-04-05,2021-04-05,2021-04-08,2021-04-11,1100.0,2021-04-25,Y,Y,1,
238,B20210405-0022,계획,SR35758,2002500,8258.9,1000,2021-04-05,2021-04-05,2021-04-08,2021-04-11,8258.9,2021-04-25,Y,Y,1,
239,B20210405-0023,계획,SR35760,2002600,1100.0,1100,2021-04-05,2021-04-05,2021-04-08,2021-04-11,1100.0,2021-04-25,Y,Y,1,
240,B20210405-0024,계획,SR35761,2002700,1100.0,1300,2021-04-05,2021-04-05,2021-04-08,2021-04-11,1100.0,2021-04-25,Y,Y,1,
241,B20210405-0025,계획,SR35765,2002800,1100.0,1000,2021-04-05,2021-04-05,2021-04-08,2021-04-11,1100.0,2021-04-25,Y,Y,1,
242,B20210405-0026,계획,SR35903,2002900,27410.0,1100,2021-04-05,2021-04-05,2021-04-08,2021-04-11,27410.0,2021-04-25,Y,Y,1,
243,B20210405-0027,계획,SR35904,2002100,92268.05,1300,2021-04-05,2021-04-05,2021-04-08,2021-04-11,92268.05,2021-04-25,Y,Y,1,
244,B20210405-0028,계획,SR35905,2002200,199.89999999999998,1000,2021-04-05,2021-04-05,2021-04-08,2021-04-11,199.89999999999998,2021-04-25,Y,Y,1,
245,B20210405-0029,계획,SR38117,2002300,362.0,1000,2021-04-05,2021-04-05,2021-04-08,2021-04-11,362.0,2021-04-25,Y,Y,1,
246,B20210405-0030,계획,SR47093,2002400,1100.0,1100,2021-04-05,2021-04-05,2021-04-08,2021-04-11,1100.0,2021-04-25,Y,Y,1,
247,B20210405-0031,계획,SR68222,2002500,1028.04,1300,2021-04-05,2021-04-05,2021-04-08,2021-04-11,1028.04,2021-04-25,Y,Y,1,
248,B20210412-0001,계획,SR11002,2002600,1164541.8499999999,1000,2021-04-12,2021-04-12,2021-04-15,2021-04-18,1164541.8499999999,2021-04-25,Y,Y,1,
249,B20210412-0002,계획,SR13801,2002700,3645.37,1100,2021-04-12,2021-04-12,2021-04-15,2021-04-18,3645.37,2021-04-25,Y,Y,1,
250,B20210412-0003,계획,SR15500,2002800,8000.0,1300,2021-04-12,2021-04-12,2021-04-15,2021-04-18,8000.0,2021-04-25,Y,Y,1,
251,B20210412-0004,계획,SR16002,2002900,31370.2,1000,2021-04-12,2021-04-12,2021-04-15,2021-04-18,31370.2,2021-04-25,Y,Y,1,
252,B20210412-0005,계획,SR16003,2002100,2098.0699999999997,1000,2021-04-12,2021-04-12,2021-04-15,2021-04-18,2098.0699999999997,2021-04-25,Y,Y,1,
253,B20210412-0006,계획,SR16600,2002200,52494.920000000006,1100,2021-04-12,2021-04-12,2021-04-15,2021-04-18,52494.920000000006,2021-04-25,Y,Y,1,
254,B20210412-0007,계획,SR18520,2002300,900.0,1300,2021-04-12,2021-04-12,2021-04-15,2021-04-18,900.0,2021-04-25,Y,Y,1,
255,B20210412-0008,계획,SR34307,2002400,1100.0,1000,2021-04-12,2021-04-12,2021-04-15,2021-04-18,1100.0,2021-04-25,Y,Y,1,
256,B20210412-0009,계획,SR34311,2002500,1100.0,1100,2021-04-12,2021-04-12,2021-04-15,2021-04-18,1100.0,2021-04-25,Y,Y,1,
257,B20210412-0010,계획,SR34364,2002600,3408.0,1300,2021-04-12,2021-04-12,2021-04-15,2021-04-18,3408.0,2021-04-25,Y,Y,1,
258,B20210412-0011,계획,SR35210,2002700,1936.0,1000,2021-04-12,2021-04-12,2021-04-15,2021-04-18,1936.0,2021-04-25,Y,Y,1,
259,B20210412-0012,계획,SR35211,2002800,43556.42,1000,2021-04-12,2021-04-12,2021-04-15,2021-04-18,43556.42,2021-04-25,Y,Y,1,
260,B20210412-0013,계획,SR35217,2002900,9355.0,1100,2021-04-12,2021-04-12,2021-04-15,2021-04-18,9355.0,2021-04-25,Y,Y,1,
261,B20210412-0014,계획,SR35218,2002100,214243.40000000002,1300,2021-04-12,2021-04-12,2021-04-15,2021-04-18,214243.40000000002,2021-04-25,Y,Y,1,
262,B20210412-0015,계획,SR35221,2002200,51184.53000000001,1000,2021-04-12,2021-04-12,2021-04-15,2021-04-18,51184.53000000001,2021-04-25,Y,Y,1,
263,B20210412-0016,계획,SR35224,2002300,179147.6,1100,2021-04-12,2021-04-12,2021-04-15,2021-04-18,179147.6,2021-04-25,Y,Y,1,
264,B20210412-0017,계획,SR35225,2002400,40301.4,1300,2021-04-12,2021-04-12,2021-04-15,2021-04-18,40301.4,2021-04-25,Y,Y,1,
265,B20210412-0018,계획,SR35228,2002500,640.0,1000,2021-04-12,2021-04-12,2021-04-15,2021-04-18,640.0,2021-04-25,Y,Y,1,
266,B20210412-0019,계획,SR35500,2002600,14188.7,1000,2021-04-12,2021-04-12,2021-04-15,2021-04-18,14188.7,2021-04-25,Y,Y,1,
267,B20210412-0020,계획,SR35556,2002700,10388.8,1100,2021-04-12,2021-04-12,2021-04-15,2021-04-18,10388.8,2021-04-25,Y,Y,1,
268,B20210412-0021,계획,SR35755,2002800,1100.0,1300,2021-04-12,2021-04-12,2021-04-15,2021-04-18,1100.0,2021-04-25,Y,Y,1,
269,B20210412-0022,계획,SR35758,2002900,14335.5,1000,2021-04-12,2021-04-12,2021-04-15,2021-04-18,14335.5,2021-04-25,Y,Y,1,
270,B20210412-0023,계획,SR35760,2002100,33.0,1100,2021-04-12,2021-04-12,2021-04-15,2021-04-18,33.0,2021-04-25,Y,Y,1,
271,B20210412-0024,계획,SR35761,2002200,33.0,1300,2021-04-12,2021-04-12,2021-04-15,2021-04-18,33.0,2021-04-25,Y,Y,1,
272,B20210412-0025,계획,SR35765,2002300,484.0,1000,2021-04-12,2021-04-12,2021-04-15,2021-04-18,484.0,2021-04-25,Y,Y,1,
273,B20210412-0026,계획,SR35903,2002400,49297.2,1000,2021-04-12,2021-04-12,2021-04-15,2021-04-18,49297.2,2021-04-25,Y,Y,1,
274,B20210412-0027,계획,SR35904,2002500,129104.2,1100,2021-04-12,2021-04-12,2021-04-15,2021-04-18,129104.2,2021-04-25,Y,Y,1,
275,B20210412-0028,계획,SR35905,2002600,60.7,1300,2021-04-12,2021-04-12,2021-04-15,2021-04-18,60.7,2021-04-25,Y,Y,1,
276,B20210412-0029,계획,SR38117,2002700,555.1000000000001,1000,2021-04-12,2021-04-12,2021-04-15,2021-04-18,555.1000000000001,2021-04-25,Y,Y,1,
277,B20210412-0030,계획,SR47093,2002800,1100.0,1100,2021-04-12,2021-04-12,2021-04-15,2021-04-18,1100.0,2021-04-25,Y,Y,1,
278,B20210412-0031,계획,SR68222,2002900,1467.14,1300,2021-04-12,2021-04-12,2021-04-15,2021-04-18,1467.14,2021-04-25,Y,Y,1,
279,B20210419-0001,계획,SR11002,2002100,659529.2000000001,1000,2021-04-19,2021-04-19,2021-04-22,2021-04-25,659529.2000000001,2021-04-25,Y,Y,1,
280,B20210419-0002,계획,SR13801,2002200,993.0,1000,2021-04-19,2021-04-19,2021-04-22,2021-04-25,993.0,2021-04-25,Y,Y,1,
281,B20210419-0003,계획,SR15500,2002300,6005.0,1100,2021-04-19,2021-04-19,2021-04-22,2021-04-25,6005.0,2021-04-25,Y,Y,1,
282,B20210419-0004,계획,SR16002,2002400,22740.0,1300,2021-04-19,2021-04-19,2021-04-22,2021-04-25,22740.0,2021-04-25,Y,Y,1,
283,B20210419-0005,계획,SR16003,2002500,949.5,1000,2021-04-19,2021-04-19,2021-04-22,2021-04-25,949.5,2021-04-25,Y,Y,1,
284,B20210419-0006,계획,SR16600,2002600,21101.3,1100,2021-04-19,2021-04-19,2021-04-22,2021-04-25,21101.3,2021-04-25,Y,Y,1,
285,B20210419-0007,계획,SR18520,2002700,350.0,1300,2021-04-19,2021-04-19,2021-04-22,2021-04-25,350.0,2021-04-25,Y,Y,1,
286,B20210419-0008,계획,SR34307,2002800,1100.0,1000,2021-04-19,2021-04-19,2021-04-22,2021-04-25,1100.0,2021-04-25,Y,Y,1,
287,B20210419-0009,계획,SR34311,2002900,420.0,1000,2021-04-19,2021-04-19,2021-04-22,2021-04-25,420.0,2021-04-25,Y,Y,1,
288,B20210419-0010,계획,SR34364,2002100,5008.0,1100,2021-04-19,2021-04-19,2021-04-22,2021-04-25,5008.0,2021-04-25,Y,Y,1,
289,B20210419-0011,계획,SR35210,2002200,3420.0,1300,2021-04-19,2021-04-19,2021-04-22,2021-04-25,3420.0,2021-04-25,Y,Y,1,
290,B20210419-0012,계획,SR35211,2002300,29933.0,1000,2021-04-19,2021-04-19,2021-04-22,2021-04-25,29933.0,2021-04-25,Y,Y,1,
291,B20210419-0013,계획,SR35217,2002400,5195.0,1100,2021-04-19,2021-04-19,2021-04-22,2021-04-25,5195.0,2021-04-25,Y,Y,1,
292,B20210419-0014,계획,SR35218,2002500,154774.30000000002,1300,2021-04-19,2021-04-19,2021-04-22,2021-04-25,154774.30000000002,2021-04-25,Y,Y,1,
293,B20210419-0015,계획,SR35221,2002600,53512.00000000001,1000,2021-04-19,2021-04-19,2021-04-22,2021-04-25,53512.00000000001,2021-04-25,Y,Y,1,
294,B20210419-0016,계획,SR35224,2002700,96318.5,1000,2021-04-19,2021-04-19,2021-04-22,2021-04-25,96318.5,2021-04-25,Y,Y,1,
295,B20210419-0017,계획,SR35225,2002800,800.0,1100,2021-04-19,2021-04-19,2021-04-22,2021-04-25,800.0,2021-04-25,Y,Y,1,
296,B20210419-0018,계획,SR35228,2002900,1100.0,1300,2021-04-19,2021-04-19,2021-04-22,2021-04-25,1100.0,2021-04-25,Y,Y,1,
297,B20210419-0019,계획,SR35500,2002100,7733.0,1000,2021-04-19,2021-04-19,2021-04-22,2021-04-25,7733.0,2021-04-25,Y,Y,1,
298,B20210419-0020,계획,SR35556,2002200,10239.0,1100,2021-04-19,2021-04-19,2021-04-22,2021-04-25,10239.0,2021-04-25,Y,Y,1,
299,B20210419-0021,계획,SR35755,2002300,1100.0,1300,2021-04-19,2021-04-19,2021-04-22,2021-04-25,1100.0,2021-04-25,Y,Y,1,
300,B20210419-0022,계획,SR35758,2002400,8279.0,1000,2021-04-19,2021-04-19,2021-04-22,2021-04-25,8279.0,2021-04-25,Y,Y,1,
301,B20210419-0023,계획,SR35760,2002500,1100.0,1000,2021-04-19,2021-04-19,2021-04-22,2021-04-25,1100.0,2021-04-25,Y,Y,1,
302,B20210419-0024,계획,SR35761,2002600,1100.0,1100,2021-04-19,2021-04-19,2021-04-22,2021-04-25,1100.0,2021-04-25,Y,Y,1,
303,B20210419-0025,계획,SR35765,2002700,1100.0,1300,2021-04-19,2021-04-19,2021-04-22,2021-04-25,1100.0,2021-04-25,Y,Y,1,
304,B20210419-0026,계획,SR35903,2002800,25169.0,1000,2021-04-19,2021-04-19,2021-04-22,2021-04-25,25169.0,2021-04-25,Y,Y,1,
305,B20210419-0027,계획,SR35904,2002900,51463.0,1100,2021-04-19,2021-04-19,2021-04-22,2021-04-25,51463.0,2021-04-25,Y,Y,1,
306,B20210419-0028,계획,SR35905,2002100,1100.0,1300,2021-04-19,2021-04-19,2021-04-22,2021-04-25,1100.0,2021-04-25,Y,Y,1,
307,B20210419-0029,계획,SR38117,2002200,359.79999999999995,1000,2021-04-19,2021-04-19,2021-04-22,2021-04-25,359.79999999999995,2021-04-25,Y,Y,1,
308,B20210419-0030,계획,SR47093,2002300,1100.0,1000,2021-04-19,2021-04-19,2021-04-22,2021-04-25,1100.0,2021-04-25,Y,Y,1,
309,B20210419-0031,계획,SR68222,2002400,708.4,1100,2021-04-19,2021-04-19,2021-04-22,2021-04-25,708.4,2021-04-25,Y,Y,1,
